Entity_ID,File_ID
FUNC_0,F_0
FUNC_1,F_0
FUNC_2,F_0
PRMPT_0,F_0
FUNC_3,F_58
FUNC_4,F_27
FUNC_5,F_22
FUNC_6,F_98
FUNC_7,F_78
FUNC_8,F_93
FUNC_9,F_51
FUNC_10,F_8
FUNC_11,F_48
FUNC_12,F_2
FUNC_13,F_27
FUNC_14,F_72
FUNC_15,F_59
FUNC_16,F_86
FUNC_17,F_4
FUNC_18,F_74
FUNC_19,F_86
FUNC_20,F_16
FUNC_21,F_2
FUNC_22,F_56
FUNC_23,F_35
FUNC_24,F_55
FUNC_25,F_28
FUNC_26,F_50
FUNC_27,F_75
FUNC_28,F_50
FUNC_29,F_53
FUNC_30,F_38
FUNC_31,F_62
FUNC_32,F_47
FUNC_33,F_45
FUNC_34,F_44
FUNC_35,F_39
FUNC_36,F_58
FUNC_37,F_43
FUNC_38,F_95
FUNC_39,F_58
FUNC_40,F_97
FUNC_41,F_46
FUNC_42,F_98
FUNC_43,F_69
FUNC_44,F_82
FUNC_45,F_53
FUNC_46,F_59
FUNC_47,F_50
FUNC_48,F_46
FUNC_49,F_1
FUNC_50,F_50
FUNC_51,F_65
FUNC_52,F_20
FUNC_53,F_42
FUNC_54,F_44
FUNC_55,F_83
FUNC_56,F_40
FUNC_57,F_93
FUNC_58,F_11
FUNC_59,F_2
FUNC_60,F_16
FUNC_61,F_5
FUNC_62,F_69
FUNC_63,F_34
FUNC_64,F_30
FUNC_65,F_95
FUNC_66,F_14
FUNC_67,F_75
FUNC_68,F_53
FUNC_69,F_68
FUNC_70,F_93
FUNC_71,F_14
FUNC_72,F_94
FUNC_73,F_5
FUNC_74,F_23
FUNC_75,F_59
FUNC_76,F_35
FUNC_77,F_55
FUNC_78,F_63
FUNC_79,F_6
FUNC_80,F_52
FUNC_81,F_27
FUNC_82,F_59
FUNC_83,F_75
FUNC_84,F_45
FUNC_85,F_19
FUNC_86,F_33
FUNC_87,F_56
FUNC_88,F_5
FUNC_89,F_65
FUNC_90,F_34
FUNC_91,F_24
FUNC_92,F_83
FUNC_93,F_1
FUNC_94,F_13
FUNC_95,F_62
FUNC_96,F_22
FUNC_97,F_11
FUNC_98,F_73
FUNC_99,F_25
FUNC_100,F_72
FUNC_101,F_61
FUNC_102,F_53
FUNC_103,F_94
FUNC_104,F_28
FUNC_105,F_84
FUNC_106,F_89
FUNC_107,F_61
FUNC_108,F_32
FUNC_109,F_65
FUNC_110,F_3
FUNC_111,F_28
FUNC_112,F_31
FUNC_113,F_27
FUNC_114,F_4
FUNC_115,F_29
FUNC_116,F_94
FUNC_117,F_59
FUNC_118,F_1
FUNC_119,F_66
FUNC_120,F_97
FUNC_121,F_56
FUNC_122,F_73
FUNC_123,F_48
FUNC_124,F_55
FUNC_125,F_9
FUNC_126,F_85
FUNC_127,F_73
FUNC_128,F_90
FUNC_129,F_17
FUNC_130,F_9
FUNC_131,F_65
FUNC_132,F_12
FUNC_133,F_53
FUNC_134,F_31
FUNC_135,F_86
FUNC_136,F_47
FUNC_137,F_48
FUNC_138,F_94
FUNC_139,F_57
FUNC_140,F_55
FUNC_141,F_51
FUNC_142,F_69
FUNC_143,F_1
FUNC_144,F_90
FUNC_145,F_63
FUNC_146,F_41
FUNC_147,F_64
FUNC_148,F_24
FUNC_149,F_11
FUNC_150,F_71
FUNC_151,F_51
FUNC_152,F_51
FUNC_153,F_57
FUNC_154,F_6
FUNC_155,F_89
FUNC_156,F_96
FUNC_157,F_60
FUNC_158,F_10
FUNC_159,F_15
FUNC_160,F_80
FUNC_161,F_43
FUNC_162,F_28
FUNC_163,F_49
FUNC_164,F_31
FUNC_165,F_6
FUNC_166,F_9
FUNC_167,F_16
FUNC_168,F_1
FUNC_169,F_76
FUNC_170,F_2
FUNC_171,F_39
FUNC_172,F_8
FUNC_173,F_65
FUNC_174,F_84
FUNC_175,F_65
FUNC_176,F_95
FUNC_177,F_61
FUNC_178,F_82
FUNC_179,F_28
FUNC_180,F_87
FUNC_181,F_9
FUNC_182,F_90
FUNC_183,F_16
FUNC_184,F_86
FUNC_185,F_19
FUNC_186,F_97
FUNC_187,F_73
FUNC_188,F_79
FUNC_189,F_7
FUNC_190,F_64
FUNC_191,F_8
FUNC_192,F_95
FUNC_193,F_4
FUNC_194,F_58
FUNC_195,F_67
FUNC_196,F_3
FUNC_197,F_7
FUNC_198,F_98
FUNC_199,F_18
FUNC_200,F_76
FUNC_201,F_6
FUNC_202,F_26
FUNC_203,F_86
FUNC_204,F_35
FUNC_205,F_95
FUNC_206,F_58
FUNC_207,F_56
FUNC_208,F_87
FUNC_209,F_1
FUNC_210,F_17
FUNC_211,F_10
FUNC_212,F_16
FUNC_213,F_69
FUNC_214,F_63
FUNC_215,F_28
FUNC_216,F_83
FUNC_217,F_86
FUNC_218,F_34
FUNC_219,F_4
FUNC_220,F_98
FUNC_221,F_57
FUNC_222,F_83
FUNC_223,F_83
FUNC_224,F_18
FUNC_225,F_52
FUNC_226,F_15
FUNC_227,F_60
FUNC_228,F_60
FUNC_229,F_81
FUNC_230,F_60
FUNC_231,F_38
FUNC_232,F_47
FUNC_233,F_17
FUNC_234,F_45
FUNC_235,F_12
FUNC_236,F_61
FUNC_237,F_45
FUNC_238,F_17
FUNC_239,F_2
FUNC_240,F_97
FUNC_241,F_63
FUNC_242,F_55
FUNC_243,F_43
FUNC_244,F_73
FUNC_245,F_64
FUNC_246,F_44
FUNC_247,F_7
FUNC_248,F_78
FUNC_249,F_41
FUNC_250,F_47
FUNC_251,F_41
FUNC_252,F_40
FUNC_253,F_78
FUNC_254,F_15
FUNC_255,F_7
FUNC_256,F_60
FUNC_257,F_54
FUNC_258,F_8
FUNC_259,F_52
FUNC_260,F_80
FUNC_261,F_77
FUNC_262,F_11
FUNC_263,F_63
FUNC_264,F_41
FUNC_265,F_12
FUNC_266,F_98
FUNC_267,F_97
FUNC_268,F_38
FUNC_269,F_44
FUNC_270,F_89
FUNC_271,F_17
FUNC_272,F_19
FUNC_273,F_17
FUNC_274,F_81
FUNC_275,F_19
FUNC_276,F_86
FUNC_277,F_37
FUNC_278,F_75
FUNC_279,F_23
FUNC_280,F_89
FUNC_281,F_11
FUNC_282,F_18
FUNC_283,F_52
FUNC_284,F_45
FUNC_285,F_13
FUNC_286,F_5
FUNC_287,F_30
FUNC_288,F_64
FUNC_289,F_99
FUNC_290,F_3
FUNC_291,F_32
FUNC_292,F_59
FUNC_293,F_89
FUNC_294,F_55
FUNC_295,F_75
FUNC_296,F_3
FUNC_297,F_46
FUNC_298,F_95
FUNC_299,F_68
FUNC_300,F_99
FUNC_301,F_69
FUNC_302,F_16
FUNC_303,F_95
FUNC_304,F_62
FUNC_305,F_74
FUNC_306,F_97
FUNC_307,F_90
FUNC_308,F_41
FUNC_309,F_3
FUNC_310,F_17
FUNC_311,F_37
FUNC_312,F_37
FUNC_313,F_61
FUNC_314,F_96
FUNC_315,F_51
FUNC_316,F_24
FUNC_317,F_53
FUNC_318,F_86
FUNC_319,F_43
FUNC_320,F_47
FUNC_321,F_76
FUNC_322,F_82
FUNC_323,F_88
FUNC_324,F_57
FUNC_325,F_5
FUNC_326,F_40
FUNC_327,F_72
FUNC_328,F_9
FUNC_329,F_5
FUNC_330,F_69
FUNC_331,F_65
FUNC_332,F_75
FUNC_333,F_70
FUNC_334,F_30
FUNC_335,F_70
FUNC_336,F_5
FUNC_337,F_65
FUNC_338,F_50
FUNC_339,F_20
FUNC_340,F_78
FUNC_341,F_58
FUNC_342,F_63
FUNC_343,F_27
FUNC_344,F_26
FUNC_345,F_7
FUNC_346,F_7
FUNC_347,F_28
FUNC_348,F_64
FUNC_349,F_64
FUNC_350,F_27
FUNC_351,F_50
FUNC_352,F_27
FUNC_353,F_3
FUNC_354,F_87
FUNC_355,F_25
FUNC_356,F_49
FUNC_357,F_45
FUNC_358,F_28
FUNC_359,F_64
FUNC_360,F_4
FUNC_361,F_51
FUNC_362,F_24
FUNC_363,F_40
FUNC_364,F_23
FUNC_365,F_48
FUNC_366,F_42
FUNC_367,F_96
FUNC_368,F_63
FUNC_369,F_81
FUNC_370,F_66
FUNC_371,F_43
FUNC_372,F_25
FUNC_373,F_15
FUNC_374,F_62
FUNC_375,F_6
FUNC_376,F_98
FUNC_377,F_23
FUNC_378,F_5
FUNC_379,F_16
FUNC_380,F_6
FUNC_381,F_32
FUNC_382,F_39
FUNC_383,F_41
FUNC_384,F_5
FUNC_385,F_61
FUNC_386,F_70
FUNC_387,F_35
FUNC_388,F_48
FUNC_389,F_41
FUNC_390,F_99
FUNC_391,F_58
FUNC_392,F_29
FUNC_393,F_48
FUNC_394,F_15
FUNC_395,F_82
FUNC_396,F_52
FUNC_397,F_95
FUNC_398,F_13
FUNC_399,F_73
FUNC_400,F_22
FUNC_401,F_93
FUNC_402,F_75
FUNC_403,F_49
FUNC_404,F_82
FUNC_405,F_49
FUNC_406,F_33
FUNC_407,F_73
FUNC_408,F_42
FUNC_409,F_45
FUNC_410,F_3
FUNC_411,F_39
FUNC_412,F_29
FUNC_413,F_68
FUNC_414,F_56
FUNC_415,F_39
FUNC_416,F_65
FUNC_417,F_22
FUNC_418,F_66
FUNC_419,F_94
FUNC_420,F_81
FUNC_421,F_13
FUNC_422,F_98
FUNC_423,F_27
FUNC_424,F_13
FUNC_425,F_67
FUNC_426,F_34
FUNC_427,F_61
FUNC_428,F_94
FUNC_429,F_74
FUNC_430,F_12
FUNC_431,F_27
FUNC_432,F_49
FUNC_433,F_14
FUNC_434,F_25
FUNC_435,F_21
FUNC_436,F_28
FUNC_437,F_84
FUNC_438,F_5
FUNC_439,F_85
FUNC_440,F_24
FUNC_441,F_27
FUNC_442,F_56
FUNC_443,F_92
FUNC_444,F_99
FUNC_445,F_48
FUNC_446,F_59
FUNC_447,F_71
FUNC_448,F_4
FUNC_449,F_60
FUNC_450,F_66
FUNC_451,F_20
FUNC_452,F_25
FUNC_453,F_40
FUNC_454,F_85
FUNC_455,F_21
FUNC_456,F_54
FUNC_457,F_50
FUNC_458,F_33
FUNC_459,F_23
FUNC_460,F_65
FUNC_461,F_42
FUNC_462,F_16
FUNC_463,F_18
FUNC_464,F_57
FUNC_465,F_38
FUNC_466,F_16
FUNC_467,F_39
FUNC_468,F_63
FUNC_469,F_85
FUNC_470,F_1
FUNC_471,F_58
FUNC_472,F_71
FUNC_473,F_86
FUNC_474,F_30
FUNC_475,F_2
FUNC_476,F_65
FUNC_477,F_51
FUNC_478,F_11
FUNC_479,F_13
FUNC_480,F_60
FUNC_481,F_51
FUNC_482,F_58
FUNC_483,F_98
FUNC_484,F_1
FUNC_485,F_10
FUNC_486,F_90
FUNC_487,F_58
FUNC_488,F_22
FUNC_489,F_31
FUNC_490,F_35
FUNC_491,F_85
FUNC_492,F_16
FUNC_493,F_96
FUNC_494,F_60
FUNC_495,F_33
FUNC_496,F_87
FUNC_497,F_2
FUNC_498,F_80
FUNC_499,F_48
FUNC_500,F_68
FUNC_501,F_49
FUNC_502,F_23
FUNC_503,F_87
FUNC_504,F_70
FUNC_505,F_20
FUNC_506,F_66
FUNC_507,F_7
FUNC_508,F_15
FUNC_509,F_36
FUNC_510,F_80
FUNC_511,F_51
FUNC_512,F_61
FUNC_513,F_16
FUNC_514,F_99
FUNC_515,F_43
FUNC_516,F_71
FUNC_517,F_23
FUNC_518,F_95
FUNC_519,F_81
FUNC_520,F_81
FUNC_521,F_60
FUNC_522,F_63
FUNC_523,F_9
FUNC_524,F_64
FUNC_525,F_37
FUNC_526,F_83
FUNC_527,F_51
FUNC_528,F_56
FUNC_529,F_44
FUNC_530,F_91
FUNC_531,F_97
FUNC_532,F_34
FUNC_533,F_37
FUNC_534,F_65
FUNC_535,F_16
FUNC_536,F_37
FUNC_537,F_12
FUNC_538,F_60
FUNC_539,F_15
FUNC_540,F_65
FUNC_541,F_82
FUNC_542,F_79
FUNC_543,F_41
FUNC_544,F_44
FUNC_545,F_68
FUNC_546,F_8
FUNC_547,F_38
FUNC_548,F_71
FUNC_549,F_46
FUNC_550,F_75
FUNC_551,F_19
FUNC_552,F_36
FUNC_553,F_64
FUNC_554,F_21
FUNC_555,F_65
FUNC_556,F_23
FUNC_557,F_57
FUNC_558,F_45
FUNC_559,F_1
FUNC_560,F_39
FUNC_561,F_91
FUNC_562,F_94
FUNC_563,F_58
FUNC_564,F_33
FUNC_565,F_9
FUNC_566,F_19
FUNC_567,F_28
FUNC_568,F_82
FUNC_569,F_96
FUNC_570,F_7
FUNC_571,F_88
FUNC_572,F_52
FUNC_573,F_77
FUNC_574,F_65
FUNC_575,F_59
FUNC_576,F_25
FUNC_577,F_37
FUNC_578,F_61
FUNC_579,F_64
FUNC_580,F_94
FUNC_581,F_59
FUNC_582,F_48
FUNC_583,F_71
FUNC_584,F_63
FUNC_585,F_97
FUNC_586,F_88
FUNC_587,F_96
FUNC_588,F_27
FUNC_589,F_77
FUNC_590,F_68
FUNC_591,F_14
FUNC_592,F_37
FUNC_593,F_39
FUNC_594,F_47
FUNC_595,F_95
FUNC_596,F_54
FUNC_597,F_76
FUNC_598,F_11
FUNC_599,F_10
FUNC_600,F_26
FUNC_601,F_25
FUNC_602,F_8
FUNC_603,F_34
FUNC_604,F_12
FUNC_605,F_35
FUNC_606,F_68
FUNC_607,F_78
FUNC_608,F_44
FUNC_609,F_30
FUNC_610,F_76
FUNC_611,F_64
FUNC_612,F_84
FUNC_613,F_80
FUNC_614,F_88
FUNC_615,F_36
FUNC_616,F_28
FUNC_617,F_24
FUNC_618,F_71
FUNC_619,F_38
FUNC_620,F_88
FUNC_621,F_24
FUNC_622,F_25
FUNC_623,F_30
FUNC_624,F_80
FUNC_625,F_80
FUNC_626,F_9
FUNC_627,F_55
FUNC_628,F_39
FUNC_629,F_1
FUNC_630,F_17
FUNC_631,F_48
FUNC_632,F_51
FUNC_633,F_76
FUNC_634,F_24
FUNC_635,F_28
FUNC_636,F_90
FUNC_637,F_39
FUNC_638,F_50
FUNC_639,F_67
FUNC_640,F_49
FUNC_641,F_73
FUNC_642,F_58
FUNC_643,F_70
FUNC_644,F_60
FUNC_645,F_59
FUNC_646,F_10
FUNC_647,F_6
FUNC_648,F_44
FUNC_649,F_83
FUNC_650,F_19
FUNC_651,F_84
FUNC_652,F_32
FUNC_653,F_44
FUNC_654,F_79
FUNC_655,F_88
FUNC_656,F_27
FUNC_657,F_66
FUNC_658,F_99
FUNC_659,F_50
FUNC_660,F_40
FUNC_661,F_68
FUNC_662,F_55
FUNC_663,F_90
FUNC_664,F_93
FUNC_665,F_48
FUNC_666,F_17
FUNC_667,F_30
FUNC_668,F_19
FUNC_669,F_1
FUNC_670,F_92
FUNC_671,F_71
FUNC_672,F_70
FUNC_673,F_76
FUNC_674,F_17
FUNC_675,F_90
FUNC_676,F_34
FUNC_677,F_93
FUNC_678,F_58
FUNC_679,F_64
FUNC_680,F_59
FUNC_681,F_77
FUNC_682,F_20
FUNC_683,F_47
FUNC_684,F_99
FUNC_685,F_7
FUNC_686,F_32
FUNC_687,F_6
FUNC_688,F_3
FUNC_689,F_76
FUNC_690,F_28
FUNC_691,F_62
FUNC_692,F_36
FUNC_693,F_19
FUNC_694,F_43
FUNC_695,F_57
FUNC_696,F_63
FUNC_697,F_15
FUNC_698,F_18
FUNC_699,F_25
FUNC_700,F_26
FUNC_701,F_94
FUNC_702,F_80
FUNC_703,F_43
FUNC_704,F_42
FUNC_705,F_92
FUNC_706,F_58
FUNC_707,F_56
FUNC_708,F_95
FUNC_709,F_96
FUNC_710,F_44
FUNC_711,F_40
FUNC_712,F_32
FUNC_713,F_63
FUNC_714,F_45
FUNC_715,F_24
FUNC_716,F_48
FUNC_717,F_79
FUNC_718,F_74
FUNC_719,F_3
FUNC_720,F_42
FUNC_721,F_34
FUNC_722,F_40
FUNC_723,F_5
FUNC_724,F_11
FUNC_725,F_83
FUNC_726,F_31
FUNC_727,F_79
FUNC_728,F_3
FUNC_729,F_81
FUNC_730,F_61
FUNC_731,F_61
FUNC_732,F_52
FUNC_733,F_10
FUNC_734,F_96
FUNC_735,F_20
FUNC_736,F_12
FUNC_737,F_30
FUNC_738,F_58
FUNC_739,F_18
FUNC_740,F_4
FUNC_741,F_72
FUNC_742,F_31
FUNC_743,F_60
FUNC_744,F_14
FUNC_745,F_56
FUNC_746,F_69
FUNC_747,F_77
FUNC_748,F_75
FUNC_749,F_73
FUNC_750,F_18
FUNC_751,F_18
FUNC_752,F_50
FUNC_753,F_20
FUNC_754,F_18
FUNC_755,F_46
FUNC_756,F_12
FUNC_757,F_21
FUNC_758,F_19
FUNC_759,F_96
FUNC_760,F_57
FUNC_761,F_80
FUNC_762,F_81
FUNC_763,F_2
FUNC_764,F_39
FUNC_765,F_45
FUNC_766,F_82
FUNC_767,F_72
FUNC_768,F_33
FUNC_769,F_51
FUNC_770,F_35
FUNC_771,F_19
FUNC_772,F_69
FUNC_773,F_66
FUNC_774,F_78
FUNC_775,F_65
FUNC_776,F_97
FUNC_777,F_88
FUNC_778,F_67
FUNC_779,F_5
FUNC_780,F_20
FUNC_781,F_58
FUNC_782,F_34
FUNC_783,F_27
FUNC_784,F_36
FUNC_785,F_7
FUNC_786,F_96
FUNC_787,F_50
FUNC_788,F_50
FUNC_789,F_77
FUNC_790,F_88
FUNC_791,F_58
FUNC_792,F_25
FUNC_793,F_45
FUNC_794,F_14
FUNC_795,F_54
FUNC_796,F_26
FUNC_797,F_50
FUNC_798,F_50
FUNC_799,F_12
FUNC_800,F_63
FUNC_801,F_2
FUNC_802,F_3
FUNC_803,F_57
FUNC_804,F_50
FUNC_805,F_79
FUNC_806,F_72
FUNC_807,F_14
FUNC_808,F_15
FUNC_809,F_40
FUNC_810,F_63
FUNC_811,F_26
FUNC_812,F_61
FUNC_813,F_33
FUNC_814,F_49
FUNC_815,F_63
FUNC_816,F_10
FUNC_817,F_64
FUNC_818,F_88
FUNC_819,F_35
FUNC_820,F_61
FUNC_821,F_25
FUNC_822,F_49
FUNC_823,F_54
FUNC_824,F_71
FUNC_825,F_73
FUNC_826,F_66
FUNC_827,F_76
FUNC_828,F_65
FUNC_829,F_39
FUNC_830,F_63
FUNC_831,F_40
FUNC_832,F_65
FUNC_833,F_86
FUNC_834,F_65
FUNC_835,F_90
FUNC_836,F_3
FUNC_837,F_3
FUNC_838,F_70
FUNC_839,F_19
FUNC_840,F_77
FUNC_841,F_18
FUNC_842,F_66
FUNC_843,F_26
FUNC_844,F_21
FUNC_845,F_90
FUNC_846,F_96
FUNC_847,F_58
FUNC_848,F_20
FUNC_849,F_17
FUNC_850,F_56
FUNC_851,F_40
FUNC_852,F_58
FUNC_853,F_98
FUNC_854,F_73
FUNC_855,F_94
FUNC_856,F_8
FUNC_857,F_56
FUNC_858,F_45
FUNC_859,F_10
FUNC_860,F_41
FUNC_861,F_83
FUNC_862,F_29
FUNC_863,F_35
FUNC_864,F_71
FUNC_865,F_51
FUNC_866,F_11
FUNC_867,F_39
FUNC_868,F_66
FUNC_869,F_48
FUNC_870,F_24
FUNC_871,F_29
FUNC_872,F_32
FUNC_873,F_50
FUNC_874,F_10
FUNC_875,F_32
FUNC_876,F_30
FUNC_877,F_6
FUNC_878,F_84
FUNC_879,F_74
FUNC_880,F_16
FUNC_881,F_9
FUNC_882,F_8
FUNC_883,F_90
FUNC_884,F_85
FUNC_885,F_89
FUNC_886,F_83
FUNC_887,F_86
FUNC_888,F_25
FUNC_889,F_79
FUNC_890,F_84
FUNC_891,F_67
FUNC_892,F_7
FUNC_893,F_74
FUNC_894,F_51
FUNC_895,F_77
FUNC_896,F_13
FUNC_897,F_47
FUNC_898,F_63
FUNC_899,F_89
FUNC_900,F_71
FUNC_901,F_55
FUNC_902,F_84
FUNC_903,F_58
FUNC_904,F_53
FUNC_905,F_53
FUNC_906,F_44
FUNC_907,F_45
FUNC_908,F_4
FUNC_909,F_51
FUNC_910,F_68
FUNC_911,F_77
FUNC_912,F_71
FUNC_913,F_91
FUNC_914,F_50
FUNC_915,F_18
FUNC_916,F_33
FUNC_917,F_66
FUNC_918,F_46
FUNC_919,F_36
FUNC_920,F_95
FUNC_921,F_82
FUNC_922,F_15
FUNC_923,F_99
FUNC_924,F_31
FUNC_925,F_86
FUNC_926,F_69
FUNC_927,F_63
FUNC_928,F_27
FUNC_929,F_70
FUNC_930,F_97
FUNC_931,F_64
FUNC_932,F_30
FUNC_933,F_77
FUNC_934,F_89
FUNC_935,F_40
FUNC_936,F_33
FUNC_937,F_50
FUNC_938,F_45
FUNC_939,F_62
FUNC_940,F_74
FUNC_941,F_4
FUNC_942,F_47
FUNC_943,F_61
FUNC_944,F_31
FUNC_945,F_61
FUNC_946,F_92
FUNC_947,F_37
FUNC_948,F_74
FUNC_949,F_1
FUNC_950,F_40
FUNC_951,F_10
FUNC_952,F_21
FUNC_953,F_27
FUNC_954,F_97
FUNC_955,F_99
FUNC_956,F_33
FUNC_957,F_85
FUNC_958,F_28
FUNC_959,F_94
FUNC_960,F_78
FUNC_961,F_41
FUNC_962,F_14
FUNC_963,F_77
FUNC_964,F_32
FUNC_965,F_71
FUNC_966,F_53
FUNC_967,F_49
FUNC_968,F_88
FUNC_969,F_3
FUNC_970,F_63
FUNC_971,F_10
FUNC_972,F_99
FUNC_973,F_94
FUNC_974,F_66
FUNC_975,F_43
FUNC_976,F_58
FUNC_977,F_47
FUNC_978,F_91
FUNC_979,F_37
FUNC_980,F_30
FUNC_981,F_39
FUNC_982,F_59
FUNC_983,F_26
FUNC_984,F_9
FUNC_985,F_2
FUNC_986,F_83
FUNC_987,F_62
FUNC_988,F_80
FUNC_989,F_13
FUNC_990,F_62
FUNC_991,F_75
FUNC_992,F_63
FUNC_993,F_65
FUNC_994,F_13
FUNC_995,F_84
FUNC_996,F_17
FUNC_997,F_17
FUNC_998,F_93
FUNC_999,F_58
PRMPT_1,F_63
PRMPT_2,F_77
PRMPT_3,F_34
PRMPT_4,F_55
PRMPT_5,F_36
PRMPT_6,F_81
PRMPT_7,F_70
PRMPT_8,F_84
PRMPT_9,F_23
PRMPT_10,F_63
PRMPT_11,F_57
PRMPT_12,F_99
PRMPT_13,F_65
PRMPT_14,F_46
PRMPT_15,F_84
PRMPT_16,F_57
PRMPT_17,F_9
PRMPT_18,F_92
PRMPT_19,F_58
PRMPT_20,F_52
PRMPT_21,F_78
PRMPT_22,F_43
PRMPT_23,F_82
PRMPT_24,F_71
PRMPT_25,F_99
PRMPT_26,F_56
PRMPT_27,F_55
PRMPT_28,F_27
PRMPT_29,F_96
PRMPT_30,F_85
PRMPT_31,F_15
PRMPT_32,F_81
PRMPT_33,F_24
PRMPT_34,F_95
PRMPT_35,F_52
PRMPT_36,F_56
PRMPT_37,F_54
PRMPT_38,F_40
PRMPT_39,F_57
PRMPT_40,F_65
PRMPT_41,F_48
PRMPT_42,F_90
PRMPT_43,F_49
PRMPT_44,F_42
PRMPT_45,F_74
PRMPT_46,F_81
PRMPT_47,F_95
PRMPT_48,F_5
PRMPT_49,F_98
