source,target,type
FUNC_ca6ae443,FUNC_52086b2f,CALLS
FUNC_d9a7a148,FUNC_4aac1876,CALLS
FUNC_4aac1876,FUNC_5941e518,CALLS
FUNC_4aac1876,FUNC_666cab3d,CALLS
FUNC_4aac1876,FUNC_7537205f,CALLS
FUNC_7537205f,FUNC_fe1123f4,CALLS
FUNC_7537205f,FUNC_fe1123f4,CALLS
FUNC_fe1123f4,FUNC_b474515b,CALLS
FUNC_410ebd66,FUNC_3eedcd41,CALLS
FUNC_5f0b3a97,FUNC_6dfe5232,CALLS
FUNC_5f0b3a97,FUNC_3eedcd41,CALLS
FUNC_5f0b3a97,FUNC_6dfe5232,CALLS
FUNC_5f0b3a97,FUNC_3eedcd41,CALLS
FUNC_11b84588,FUNC_b474515b,CALLS
FUNC_11b84588,FUNC_b474515b,CALLS
FUNC_11b84588,FUNC_b474515b,CALLS
FUNC_11b84588,FUNC_b474515b,CALLS
FUNC_95c61420,FUNC_52086b2f,CALLS
FUNC_d6f40bc5,FUNC_52086b2f,CALLS
FUNC_323e36d2,FUNC_ce585b20,CALLS
FUNC_323e36d2,FUNC_13566954,CALLS
FUNC_323e36d2,FUNC_21b34180,CALLS
FUNC_323e36d2,FUNC_60b1c839,CALLS
FUNC_0e66701c,FUNC_c01436b4,CALLS
FUNC_0e66701c,FUNC_826678ca,CALLS
FUNC_0e66701c,FUNC_21b34180,CALLS
FUNC_0e66701c,FUNC_02a6b28c,CALLS
FUNC_77e5f5af,FUNC_ce585b20,CALLS
FUNC_77e5f5af,FUNC_13566954,CALLS
FUNC_77e5f5af,FUNC_21b34180,CALLS
FUNC_77e5f5af,FUNC_60b1c839,CALLS
FUNC_77e5f5af,FUNC_13566954,CALLS
FUNC_77e5f5af,FUNC_21b34180,CALLS
FUNC_77e5f5af,FUNC_60b1c839,CALLS
FUNC_6e8501c9,FUNC_c01436b4,CALLS
FUNC_6e8501c9,FUNC_826678ca,CALLS
FUNC_6e8501c9,FUNC_21b34180,CALLS
FUNC_6e8501c9,FUNC_60b1c839,CALLS
FUNC_6e8501c9,FUNC_826678ca,CALLS
FUNC_6e8501c9,FUNC_21b34180,CALLS
FUNC_6e8501c9,FUNC_60b1c839,CALLS
FUNC_3bddabc2,FUNC_52086b2f,CALLS
FUNC_ce585b20,FUNC_ce585b20,CALLS
FUNC_5b905cc8,FUNC_ce585b20,CALLS
FUNC_5b905cc8,FUNC_60b1c839,CALLS
FUNC_52ab5e47,FUNC_082f7438,CALLS
FUNC_1375e303,FUNC_bbf2ac1c,CALLS
FUNC_cf198ba7,FUNC_5941e518,CALLS
FUNC_7f7b2d39,FUNC_d9d17113,CALLS
FUNC_1d6fe8ef,FUNC_21b34180,CALLS
FUNC_8a664a33,FUNC_7f7b2d39,CALLS
FUNC_d73f8b16,FUNC_8a664a33,CALLS
FUNC_a73f3f5c,FUNC_7f7b2d39,CALLS
FUNC_065c6e74,FUNC_d9d17113,CALLS
FUNC_065c6e74,FUNC_d9d17113,CALLS
FUNC_065c6e74,FUNC_b25da93c,CALLS
FUNC_f1bf57af,FUNC_d9d17113,CALLS
FUNC_f1bf57af,FUNC_d9d17113,CALLS
FUNC_f1bf57af,FUNC_7e1560c4,CALLS
FUNC_d1319a01,FUNC_74300c9d,CALLS
FUNC_d1319a01,FUNC_7f7b2d39,CALLS
FUNC_71389773,FUNC_b9f4ded0,CALLS
FUNC_71389773,FUNC_7f7b2d39,CALLS
FUNC_af1c2b01,FUNC_60b1c839,CALLS
FUNC_af1c2b01,FUNC_7f7b2d39,CALLS
FUNC_9d368fd3,FUNC_02a6b28c,CALLS
FUNC_9d368fd3,FUNC_7f7b2d39,CALLS
FUNC_22197141,FUNC_ce585b20,CALLS
FUNC_9de7038e,FUNC_c01436b4,CALLS
FUNC_cc89b735,FUNC_60b1c839,CALLS
FUNC_cc89b735,FUNC_60b1c839,CALLS
FUNC_cc89b735,FUNC_60b1c839,CALLS
FUNC_8d13b93d,FUNC_944f6454,CALLS
FUNC_8d13b93d,FUNC_ff00dfa3,CALLS
FUNC_ee70047c,FUNC_944f6454,CALLS
FUNC_ee70047c,FUNC_924fb7ac,CALLS
FUNC_e3c110ed,FUNC_944f6454,CALLS
FUNC_f57d0d09,FUNC_944f6454,CALLS
FUNC_f57d0d09,FUNC_ff00dfa3,CALLS
FUNC_c0e4c321,FUNC_944f6454,CALLS
FUNC_c0e4c321,FUNC_924fb7ac,CALLS
FUNC_6f43a21e,FUNC_257adc09,CALLS
FUNC_c5768c08,FUNC_257adc09,CALLS
FUNC_6cd36cc8,FUNC_52086b2f,CALLS
FUNC_9a1ce6f4,FUNC_ce585b20,CALLS
FUNC_d7d4c1db,FUNC_944f6454,CALLS
FUNC_e447ef9a,FUNC_082f7438,CALLS
FUNC_740b8cf8,FUNC_52ab5e47,CALLS
FUNC_661e4919,FUNC_dc42bfc5,CALLS
FUNC_661e4919,FUNC_dc42bfc5,CALLS
FUNC_3ee07bc5,FUNC_dc42bfc5,CALLS
FUNC_3ee07bc5,FUNC_dc42bfc5,CALLS
FUNC_b960b110,FUNC_dc42bfc5,CALLS
FUNC_b960b110,FUNC_dc42bfc5,CALLS
FUNC_774bd16e,FUNC_f8e5cd54,CALLS
FUNC_18c8a1b3,FUNC_f8e5cd54,CALLS
FUNC_21ae598e,FUNC_f8e5cd54,CALLS
FUNC_6c6dfc06,FUNC_d2bb062b,CALLS
FUNC_6c6dfc06,FUNC_21b34180,CALLS
FUNC_6c6dfc06,FUNC_459cd607,CALLS
FUNC_9645f91d,FUNC_d2bb062b,CALLS
FUNC_9645f91d,FUNC_21b34180,CALLS
FUNC_9645f91d,FUNC_459cd607,CALLS
FUNC_959b5926,FUNC_302b46f4,CALLS
FUNC_dab29345,FUNC_302b46f4,CALLS
FUNC_dab29345,FUNC_21b34180,CALLS
FUNC_dab29345,FUNC_459cd607,CALLS
FUNC_a8bb2bf4,FUNC_375f1216,CALLS
FUNC_a8bb2bf4,FUNC_8ee2b2bb,CALLS
FUNC_80450d36,FUNC_375f1216,CALLS
FUNC_80450d36,FUNC_8ee2b2bb,CALLS
FUNC_0a4dc208,FUNC_9816d7c3,CALLS
FUNC_8f8c801e,FUNC_9816d7c3,CALLS
FUNC_8f8c801e,FUNC_21b34180,CALLS
FUNC_8f8c801e,FUNC_459cd607,CALLS
FUNC_f1962ed4,FUNC_f8e5cd54,CALLS
FUNC_f1962ed4,FUNC_d2bb062b,CALLS
FUNC_f1962ed4,FUNC_21b34180,CALLS
FUNC_f1962ed4,FUNC_459cd607,CALLS
FUNC_054470a1,FUNC_f8e5cd54,CALLS
FUNC_054470a1,FUNC_d2bb062b,CALLS
FUNC_054470a1,FUNC_21b34180,CALLS
FUNC_054470a1,FUNC_459cd607,CALLS
FUNC_8f723b87,FUNC_f8e5cd54,CALLS
FUNC_8f723b87,FUNC_d2bb062b,CALLS
FUNC_8f723b87,FUNC_21b34180,CALLS
FUNC_8f723b87,FUNC_459cd607,CALLS
FUNC_07f892bc,FUNC_f8e5cd54,CALLS
FUNC_07f892bc,FUNC_f8e5cd54,CALLS
FUNC_f28331f8,FUNC_f8e5cd54,CALLS
FUNC_f28331f8,FUNC_d2bb062b,CALLS
FUNC_f28331f8,FUNC_21b34180,CALLS
FUNC_f28331f8,FUNC_459cd607,CALLS
FUNC_c2eac2b0,FUNC_a9881381,CALLS
FUNC_08e94238,FUNC_a9881381,CALLS
FUNC_08e94238,FUNC_a9881381,CALLS
FUNC_08e94238,FUNC_a9881381,CALLS
FUNC_08e94238,FUNC_a9881381,CALLS
FUNC_08e94238,FUNC_a9881381,CALLS
FUNC_08e94238,FUNC_a9881381,CALLS
FUNC_93aff9e8,FUNC_899e485f,CALLS
FUNC_93aff9e8,FUNC_899e485f,CALLS
FUNC_93aff9e8,FUNC_899e485f,CALLS
FUNC_93aff9e8,FUNC_899e485f,CALLS
FUNC_70f2ca49,FUNC_899e485f,CALLS
FUNC_70f2ca49,FUNC_899e485f,CALLS
FUNC_70f2ca49,FUNC_899e485f,CALLS
FUNC_70f2ca49,FUNC_899e485f,CALLS
FUNC_5e0328ad,FUNC_21b34180,CALLS
FUNC_f64ee230,FUNC_dc42bfc5,CALLS
FUNC_f64ee230,FUNC_dc42bfc5,CALLS
FUNC_787c1da2,FUNC_33f32ae9,CALLS
FUNC_787c1da2,FUNC_f15afe54,CALLS
FUNC_787c1da2,FUNC_33f32ae9,CALLS
FUNC_787c1da2,FUNC_07558980,CALLS
FUNC_787c1da2,FUNC_33f32ae9,CALLS
FUNC_e145d731,FUNC_60b1c839,CALLS
FUNC_c1472f3f,FUNC_408809f6,CALLS
FUNC_4955d345,FUNC_87a26f5a,CALLS
FUNC_3f4f7fb9,FUNC_f4c8262f,CALLS
FUNC_d2630064,FUNC_31dfdd24,CALLS
FUNC_918efe2a,FUNC_5b2268bf,CALLS
FUNC_236e4c33,FUNC_3d585525,CALLS
FUNC_8ab2904f,FUNC_c1f7fd98,CALLS
FUNC_271368e5,FUNC_3887e933,CALLS
FUNC_b1966df7,FUNC_31ce9e4d,CALLS
FUNC_2c48b235,FUNC_ef5f8bb8,CALLS
FUNC_b9a1ce4c,FUNC_028c98b9,CALLS
FUNC_56712c0d,FUNC_f1b34a1e,CALLS
FUNC_080e2123,FUNC_fea60cec,CALLS
FUNC_c0e3b66a,FUNC_6c793d04,CALLS
FUNC_48b1edd1,FUNC_8f3b705a,CALLS
FUNC_29850019,FUNC_7661bdb8,CALLS
FUNC_654c67f9,FUNC_8bcb0e89,CALLS
FUNC_52710244,FUNC_6a7f7f41,CALLS
FUNC_918efe2a,FUNC_5b2268bf,CALLS
FUNC_c1472f3f,FUNC_408809f6,CALLS
FUNC_4955d345,FUNC_87a26f5a,CALLS
FUNC_3f4f7fb9,FUNC_f4c8262f,CALLS
FUNC_d2630064,FUNC_31dfdd24,CALLS
FUNC_236e4c33,FUNC_3d585525,CALLS
FUNC_8ab2904f,FUNC_c1f7fd98,CALLS
FUNC_271368e5,FUNC_3887e933,CALLS
FUNC_b1966df7,FUNC_31ce9e4d,CALLS
FUNC_2c48b235,FUNC_ef5f8bb8,CALLS
FUNC_b9a1ce4c,FUNC_028c98b9,CALLS
FUNC_56712c0d,FUNC_f1b34a1e,CALLS
FUNC_080e2123,FUNC_fea60cec,CALLS
FUNC_c0e3b66a,FUNC_6c793d04,CALLS
FUNC_8074d2b6,FUNC_dc42bfc5,CALLS
FUNC_8074d2b6,FUNC_dc42bfc5,CALLS
FUNC_5b8fb498,FUNC_60b1c839,CALLS
FUNC_5b8fb498,FUNC_f081553f,CALLS
FUNC_5b8fb498,FUNC_60b1c839,CALLS
FUNC_5b8fb498,FUNC_f081553f,CALLS
FUNC_5b8fb498,FUNC_60b1c839,CALLS
FUNC_5b8fb498,FUNC_f081553f,CALLS
FUNC_fb8a9241,FUNC_dc42bfc5,CALLS
FUNC_fb8a9241,FUNC_dc42bfc5,CALLS
FUNC_100cdcfb,FUNC_dc42bfc5,CALLS
FUNC_5ebab5f4,FUNC_c0e3b66a,CALLS
FUNC_b23f8f3a,FUNC_dc42bfc5,CALLS
FUNC_b23f8f3a,FUNC_dc42bfc5,CALLS
FUNC_7d88471f,FUNC_944f6454,CALLS
FUNC_7d88471f,FUNC_f8cc64d5,CALLS
FUNC_08e5816a,FUNC_985f6aad,CALLS
FUNC_c1240424,FUNC_57e2c469,CALLS
FUNC_97275da3,FUNC_64cce43c,CALLS
FUNC_58e847df,FUNC_64cce43c,CALLS
FUNC_28f255f8,FUNC_1d9a96f0,CALLS
FUNC_8e0a6a8e,FUNC_1d9a96f0,CALLS
FUNC_8e0a6a8e,FUNC_1d9a96f0,CALLS
FUNC_8e0a6a8e,FUNC_1d9a96f0,CALLS
FUNC_a6715e86,FUNC_1d9a96f0,CALLS
FUNC_5035777f,FUNC_1d9a96f0,CALLS
FUNC_78f29a87,FUNC_57e2c469,CALLS
FUNC_411f6077,FUNC_9ce37716,CALLS
FUNC_411f6077,FUNC_9ce37716,CALLS
FUNC_411f6077,FUNC_9ce37716,CALLS
FUNC_aedf6112,FUNC_985f6aad,CALLS
FUNC_3c5b45dc,FUNC_10f0a90c,CALLS
FUNC_1043bb9a,FUNC_10f0a90c,CALLS
FUNC_2d7cdd1e,FUNC_36df87ac,CALLS
FUNC_d2e1c6c5,FUNC_5cc08020,CALLS
FUNC_d2e1c6c5,FUNC_52086b2f,CALLS
FUNC_d08d9564,FUNC_dc42bfc5,CALLS
FUNC_d08d9564,FUNC_dc42bfc5,CALLS
FUNC_2a74d3bd,FUNC_dc42bfc5,CALLS
FUNC_2a74d3bd,FUNC_dc42bfc5,CALLS
FUNC_60f2824b,FUNC_4a271a09,CALLS
FUNC_60f2824b,FUNC_4a271a09,CALLS
FUNC_60f2824b,FUNC_979c9359,CALLS
FUNC_60f2824b,FUNC_979c9359,CALLS
FUNC_f2f9c050,FUNC_4a271a09,CALLS
FUNC_e681dd13,FUNC_4a271a09,CALLS
FUNC_9946befb,FUNC_4a271a09,CALLS
FUNC_9946befb,FUNC_5745597b,CALLS
FUNC_9946befb,FUNC_5ca8c71b,CALLS
FUNC_9946befb,FUNC_979c9359,CALLS
FUNC_7bb7f251,FUNC_4a271a09,CALLS
FUNC_7bb7f251,FUNC_5745597b,CALLS
FUNC_7bb7f251,FUNC_5ca8c71b,CALLS
FUNC_7bb7f251,FUNC_7fecd38d,CALLS
FUNC_7bb7f251,FUNC_979c9359,CALLS
FUNC_d4ce1521,FUNC_4cc651eb,CALLS
FUNC_d4ce1521,FUNC_b6cc3e7e,CALLS
FUNC_619f6bb6,FUNC_4cc651eb,CALLS
FUNC_619f6bb6,FUNC_b6cc3e7e,CALLS
FUNC_0b561057,FUNC_4cc651eb,CALLS
FUNC_0b561057,FUNC_b6cc3e7e,CALLS
FUNC_aba2e837,FUNC_65fa134a,CALLS
FUNC_aba2e837,FUNC_36df87ac,CALLS
FUNC_aba2e837,FUNC_21b34180,CALLS
FUNC_41de155f,FUNC_65fa134a,CALLS
FUNC_41de155f,FUNC_36df87ac,CALLS
FUNC_41de155f,FUNC_21b34180,CALLS
FUNC_41de155f,FUNC_65fa134a,CALLS
FUNC_41de155f,FUNC_36df87ac,CALLS
FUNC_0fe3a969,FUNC_65fa134a,CALLS
FUNC_0fe3a969,FUNC_36df87ac,CALLS
FUNC_0fe3a969,FUNC_21b34180,CALLS
FUNC_0fe3a969,FUNC_65fa134a,CALLS
FUNC_0fe3a969,FUNC_36df87ac,CALLS
FUNC_a3c07a44,FUNC_c3400f8d,CALLS
FUNC_a3c07a44,FUNC_36df87ac,CALLS
FUNC_a3c07a44,FUNC_21b34180,CALLS
FUNC_21707801,FUNC_c3400f8d,CALLS
FUNC_21707801,FUNC_36df87ac,CALLS
FUNC_21707801,FUNC_21b34180,CALLS
FUNC_e390bed1,FUNC_65fa134a,CALLS
FUNC_e390bed1,FUNC_36df87ac,CALLS
FUNC_e390bed1,FUNC_65fa134a,CALLS
FUNC_59850a1f,FUNC_65fa134a,CALLS
FUNC_59850a1f,FUNC_0f862fd4,CALLS
FUNC_59850a1f,FUNC_21b34180,CALLS
FUNC_32636acf,FUNC_65fa134a,CALLS
FUNC_32636acf,FUNC_22955626,CALLS
FUNC_90476e49,FUNC_65fa134a,CALLS
FUNC_90476e49,FUNC_36df87ac,CALLS
FUNC_90476e49,FUNC_36df87ac,CALLS
FUNC_90476e49,FUNC_1210c449,CALLS
FUNC_437c5e90,FUNC_65fa134a,CALLS
FUNC_437c5e90,FUNC_36df87ac,CALLS
FUNC_7282afcf,FUNC_65fa134a,CALLS
FUNC_7282afcf,FUNC_36df87ac,CALLS
FUNC_4c9907b3,FUNC_65fa134a,CALLS
FUNC_4c9907b3,FUNC_36df87ac,CALLS
FUNC_4c9907b3,FUNC_21b34180,CALLS
FUNC_b6d571e1,FUNC_65fa134a,CALLS
FUNC_b6d571e1,FUNC_21b34180,CALLS
FUNC_ae4de823,FUNC_c3400f8d,CALLS
FUNC_ae4de823,FUNC_36df87ac,CALLS
FUNC_ae4de823,FUNC_36df87ac,CALLS
FUNC_86064c0a,FUNC_22c54afc,CALLS
FUNC_65fa134a,FUNC_c3400f8d,CALLS
FUNC_8039b587,FUNC_65fa134a,CALLS
FUNC_8039b587,FUNC_5d44a1f6,CALLS
FUNC_21f5f894,FUNC_65fa134a,CALLS
FUNC_21f5f894,FUNC_5d44a1f6,CALLS
FUNC_21f5f894,FUNC_65fa134a,CALLS
FUNC_21f5f894,FUNC_5d44a1f6,CALLS
FUNC_8427e848,FUNC_c3400f8d,CALLS
FUNC_8427e848,FUNC_5d44a1f6,CALLS
FUNC_ceeb6422,FUNC_c3400f8d,CALLS
FUNC_ceeb6422,FUNC_21b34180,CALLS
FUNC_ceeb6422,FUNC_0f862fd4,CALLS
FUNC_02bbc5f7,FUNC_c3400f8d,CALLS
FUNC_02bbc5f7,FUNC_5d44a1f6,CALLS
FUNC_8056f2c1,FUNC_c3400f8d,CALLS
FUNC_72341a7d,FUNC_c3400f8d,CALLS
FUNC_5af63b22,FUNC_c3400f8d,CALLS
FUNC_5af63b22,FUNC_01397d5f,CALLS
FUNC_46b1394d,FUNC_c3400f8d,CALLS
FUNC_52875b50,FUNC_7fecd38d,CALLS
FUNC_52875b50,FUNC_02a6b28c,CALLS
FUNC_52875b50,FUNC_5e104537,CALLS
FUNC_52875b50,FUNC_0f862fd4,CALLS
FUNC_52875b50,FUNC_22955626,CALLS
FUNC_52875b50,FUNC_204e1a7f,CALLS
FUNC_0f21d739,FUNC_7fecd38d,CALLS
FUNC_0f21d739,FUNC_02a6b28c,CALLS
FUNC_0f21d739,FUNC_22955626,CALLS
FUNC_0f21d739,FUNC_204e1a7f,CALLS
FUNC_31657b44,FUNC_7fecd38d,CALLS
FUNC_31657b44,FUNC_02a6b28c,CALLS
FUNC_31657b44,FUNC_22955626,CALLS
FUNC_31657b44,FUNC_204e1a7f,CALLS
FUNC_a949972f,FUNC_a949972f,CALLS
FUNC_a949972f,FUNC_a949972f,CALLS
FUNC_a949972f,FUNC_a949972f,CALLS
FUNC_a949972f,FUNC_a949972f,CALLS
FUNC_20a4d1ec,FUNC_4b6e7d80,CALLS
FUNC_20a4d1ec,FUNC_7fecd38d,CALLS
FUNC_20a4d1ec,FUNC_1690e161,CALLS
FUNC_20a4d1ec,FUNC_22955626,CALLS
FUNC_20a4d1ec,FUNC_a949972f,CALLS
FUNC_20a4d1ec,FUNC_204e1a7f,CALLS
FUNC_ad92286c,FUNC_38f6aa9e,CALLS
FUNC_ad92286c,FUNC_7fecd38d,CALLS
FUNC_ad92286c,FUNC_3e645e4c,CALLS
FUNC_ad92286c,FUNC_ace501ae,CALLS
FUNC_ad92286c,FUNC_22955626,CALLS
FUNC_ad92286c,FUNC_204e1a7f,CALLS
FUNC_ca385642,FUNC_22c54afc,CALLS
FUNC_c7f7fffe,FUNC_c3400f8d,CALLS
FUNC_0a489f4e,FUNC_65fa134a,CALLS
FUNC_0a489f4e,FUNC_88ec0f87,CALLS
FUNC_2eb34811,FUNC_65fa134a,CALLS
FUNC_2eb34811,FUNC_88ec0f87,CALLS
FUNC_2eb34811,FUNC_65fa134a,CALLS
FUNC_2eb34811,FUNC_88ec0f87,CALLS
FUNC_47cb2522,FUNC_c3400f8d,CALLS
FUNC_47cb2522,FUNC_88ec0f87,CALLS
FUNC_78663a9b,FUNC_c3400f8d,CALLS
FUNC_78663a9b,FUNC_22955626,CALLS
FUNC_24055ccd,FUNC_c3400f8d,CALLS
FUNC_24055ccd,FUNC_88ec0f87,CALLS
FUNC_7d3bf6b7,FUNC_c3400f8d,CALLS
FUNC_7d3bf6b7,FUNC_3ab68adf,CALLS
FUNC_c6134172,FUNC_c3400f8d,CALLS
FUNC_c6134172,FUNC_3ab68adf,CALLS
FUNC_2e28d71d,FUNC_5941e518,CALLS
FUNC_6eba2162,FUNC_5941e518,CALLS
FUNC_6eba2162,FUNC_52086b2f,CALLS
FUNC_2f738f28,FUNC_5941e518,CALLS
FUNC_8256630e,FUNC_5941e518,CALLS
FUNC_457f1e52,FUNC_5941e518,CALLS
FUNC_457f1e52,FUNC_52086b2f,CALLS
FUNC_c818cef1,FUNC_5941e518,CALLS
FUNC_158beb84,FUNC_5941e518,CALLS
FUNC_16721bfa,FUNC_dc42bfc5,CALLS
FUNC_16721bfa,FUNC_dc42bfc5,CALLS
FUNC_2cbf234d,FUNC_5941e518,CALLS
FUNC_899d629d,FUNC_2cbf234d,CALLS
FUNC_8636804c,FUNC_2cbf234d,CALLS
FUNC_fa3aa645,FUNC_2cbf234d,CALLS
FUNC_7088e884,FUNC_2cbf234d,CALLS
FUNC_607039d2,FUNC_2cbf234d,CALLS
FUNC_355d07d4,FUNC_2cbf234d,CALLS
FUNC_9319cfcc,FUNC_6d822a6e,CALLS
FUNC_42f7e356,FUNC_6d822a6e,CALLS
FUNC_b9eb3be8,FUNC_6d822a6e,CALLS
FUNC_c29b6164,FUNC_5941e518,CALLS
FUNC_e6028871,FUNC_2cbf234d,CALLS
FUNC_d0aa17ee,FUNC_2cbf234d,CALLS
FUNC_3434c0fb,FUNC_2cbf234d,CALLS
FUNC_94eebc56,FUNC_2cbf234d,CALLS
FUNC_78902874,FUNC_2cbf234d,CALLS
FUNC_770776a0,FUNC_2cbf234d,CALLS
FUNC_854bfaba,FUNC_2cbf234d,CALLS
FUNC_a1b3ef05,FUNC_2cbf234d,CALLS
FUNC_1c7cae68,FUNC_2cbf234d,CALLS
FUNC_3550ee06,FUNC_2cbf234d,CALLS
FUNC_4d49b27a,FUNC_2cbf234d,CALLS
FUNC_9fa8d3d9,FUNC_78056851,CALLS
FUNC_1ad58262,FUNC_83cd0694,CALLS
FUNC_a512f71e,FUNC_83cd0694,CALLS
FUNC_3769496f,FUNC_83cd0694,CALLS
FUNC_10b0b515,FUNC_83cd0694,CALLS
FUNC_e7b63e97,FUNC_83cd0694,CALLS
FUNC_95c7ad2a,FUNC_5941e518,CALLS
FUNC_1add79e6,FUNC_2cbf234d,CALLS
FUNC_ecddea9f,FUNC_2cbf234d,CALLS
FUNC_903482ee,FUNC_7c5d289c,CALLS
FUNC_a316fb7e,FUNC_44f55ff7,CALLS
FUNC_a316fb7e,FUNC_44f55ff7,CALLS
FUNC_a316fb7e,FUNC_02a6b28c,CALLS
FUNC_d8162978,FUNC_44f55ff7,CALLS
FUNC_d8162978,FUNC_44f55ff7,CALLS
FUNC_d8162978,FUNC_02a6b28c,CALLS
FUNC_bca2158e,FUNC_18b5f924,CALLS
FUNC_bca2158e,FUNC_44f55ff7,CALLS
FUNC_5a7a7783,FUNC_c3400f8d,CALLS
FUNC_441bd774,FUNC_21b34180,CALLS
FUNC_441bd774,FUNC_21b34180,CALLS
FUNC_077a5414,FUNC_60b1c839,CALLS
FUNC_077a5414,FUNC_60b1c839,CALLS
FUNC_46c42595,FUNC_60b1c839,CALLS
FUNC_46c42595,FUNC_60b1c839,CALLS
FUNC_87855b02,FUNC_5bb063fa,CALLS
FUNC_87855b02,FUNC_60b1c839,CALLS
FUNC_60183bf7,FUNC_60b1c839,CALLS
FUNC_2a7e0236,FUNC_60b1c839,CALLS
FUNC_2a7e0236,FUNC_60b1c839,CALLS
FUNC_ef856cfb,FUNC_60b1c839,CALLS
FUNC_468a0dc1,FUNC_60b1c839,CALLS
FUNC_57ebffae,FUNC_60b1c839,CALLS
FUNC_600c5427,FUNC_60b1c839,CALLS
FUNC_b4409dc9,FUNC_60b1c839,CALLS
FUNC_5acc49ab,FUNC_60b1c839,CALLS
FUNC_28e9213a,FUNC_5941e518,CALLS
FUNC_1bcea59f,FUNC_ef4e33c8,CALLS
FUNC_0745d760,FUNC_ef4e33c8,CALLS
FUNC_ef4e33c8,FUNC_5941e518,CALLS
FUNC_21790712,FUNC_60b1c839,CALLS
FUNC_2a50ca34,FUNC_60b1c839,CALLS
FUNC_e4fbf37d,FUNC_60b1c839,CALLS
FUNC_7fd7c7ba,FUNC_60b1c839,CALLS
FUNC_2f78dd10,FUNC_60b1c839,CALLS
FUNC_ffbbc590,FUNC_60b1c839,CALLS
FUNC_3c64106c,FUNC_60b1c839,CALLS
FUNC_e82c8978,FUNC_60b1c839,CALLS
FUNC_4de843da,FUNC_60b1c839,CALLS
FUNC_87d19e82,FUNC_60b1c839,CALLS
FUNC_51f37d28,FUNC_5bb063fa,CALLS
FUNC_a119fb09,FUNC_5bb063fa,CALLS
FUNC_66728e17,FUNC_5bb063fa,CALLS
FUNC_d4f7e5e1,FUNC_5bb063fa,CALLS
FUNC_2d1509bf,FUNC_5bb063fa,CALLS
FUNC_00f2451f,FUNC_8d8c6cc9,CALLS
FUNC_858ee0a3,FUNC_8d8c6cc9,CALLS
FUNC_16b1ba40,FUNC_8d8c6cc9,CALLS
FUNC_14cf0011,FUNC_8d8c6cc9,CALLS
FUNC_7f0ef1a5,FUNC_4a76572a,CALLS
FUNC_6dfe9770,FUNC_4a76572a,CALLS
FUNC_4cb8ed6b,FUNC_4a76572a,CALLS
FUNC_0dadbbfd,FUNC_4a76572a,CALLS
FUNC_e1657bc6,FUNC_191a46af,CALLS
FUNC_e1657bc6,FUNC_191a46af,CALLS
FUNC_e1657bc6,FUNC_191a46af,CALLS
FUNC_e1657bc6,FUNC_191a46af,CALLS
FUNC_af118702,FUNC_fbe5cadd,CALLS
FUNC_b17eee5b,FUNC_fbe5cadd,CALLS
FUNC_89d97e74,FUNC_21b34180,CALLS
FUNC_ece2dbdd,FUNC_dc42bfc5,CALLS
FUNC_ece2dbdd,FUNC_dc42bfc5,CALLS
FUNC_3379125c,FUNC_dc42bfc5,CALLS
FUNC_3379125c,FUNC_dc42bfc5,CALLS
FUNC_29c90926,FUNC_13566954,CALLS
FUNC_29c90926,FUNC_abbd5c55,CALLS
FUNC_269d9733,FUNC_5c395d7e,CALLS
FUNC_269d9733,FUNC_5c395d7e,CALLS
FUNC_269d9733,FUNC_13566954,CALLS
FUNC_0cb4de90,FUNC_13566954,CALLS
FUNC_0cb4de90,FUNC_abbd5c55,CALLS
FUNC_5d4bee73,FUNC_13566954,CALLS
FUNC_5d4bee73,FUNC_80c307d7,CALLS
FUNC_5d4bee73,FUNC_abbd5c55,CALLS
FUNC_02c85274,FUNC_13566954,CALLS
FUNC_4423e841,FUNC_13566954,CALLS
FUNC_4423e841,FUNC_ee7a4a24,CALLS
FUNC_4423e841,FUNC_a3550150,CALLS
FUNC_f882c8fb,FUNC_13566954,CALLS
FUNC_f882c8fb,FUNC_21b34180,CALLS
FUNC_f882c8fb,FUNC_459cd607,CALLS
FUNC_aff5b1ec,FUNC_13566954,CALLS
FUNC_aff5b1ec,FUNC_21b34180,CALLS
FUNC_aff5b1ec,FUNC_459cd607,CALLS
FUNC_aff5b1ec,FUNC_abbd5c55,CALLS
FUNC_aff5b1ec,FUNC_21b34180,CALLS
FUNC_aff5b1ec,FUNC_459cd607,CALLS
FUNC_aff5b1ec,FUNC_abbd5c55,CALLS
FUNC_aff5b1ec,FUNC_13566954,CALLS
FUNC_aff5b1ec,FUNC_21b34180,CALLS
FUNC_aff5b1ec,FUNC_459cd607,CALLS
FUNC_0a40b81d,FUNC_287cca77,CALLS
FUNC_0a40b81d,FUNC_13566954,CALLS
FUNC_0a40b81d,FUNC_abbd5c55,CALLS
FUNC_489fc03c,FUNC_be8bebeb,CALLS
FUNC_489fc03c,FUNC_13566954,CALLS
FUNC_489fc03c,FUNC_abbd5c55,CALLS
FUNC_65d111d7,FUNC_7fecd38d,CALLS
FUNC_9a823358,FUNC_5ca8c71b,CALLS
FUNC_9a823358,FUNC_60b1c839,CALLS
FUNC_9a823358,FUNC_60b1c839,CALLS
FUNC_2b2e4d05,FUNC_60b1c839,CALLS
FUNC_2b2e4d05,FUNC_60b1c839,CALLS
FUNC_2b2e4d05,FUNC_5ca8c71b,CALLS
FUNC_0610b013,FUNC_60b1c839,CALLS
FUNC_0e0107d1,FUNC_dc42bfc5,CALLS
FUNC_0e0107d1,FUNC_dc42bfc5,CALLS
FUNC_b06b0413,FUNC_dc42bfc5,CALLS
FUNC_b06b0413,FUNC_dc42bfc5,CALLS
FUNC_558e4035,FUNC_dc42bfc5,CALLS
FUNC_558e4035,FUNC_dc42bfc5,CALLS
FUNC_e8306613,FUNC_dc42bfc5,CALLS
FUNC_e8306613,FUNC_dc42bfc5,CALLS
FUNC_ae078c08,FUNC_dc42bfc5,CALLS
FUNC_ae078c08,FUNC_dc42bfc5,CALLS
FUNC_df86be5d,FUNC_dc42bfc5,CALLS
FUNC_df86be5d,FUNC_dc42bfc5,CALLS
FUNC_356079c3,FUNC_dc42bfc5,CALLS
FUNC_356079c3,FUNC_dc42bfc5,CALLS
FUNC_fdf515b0,FUNC_dc42bfc5,CALLS
FUNC_fdf515b0,FUNC_dc42bfc5,CALLS
FUNC_76008efb,FUNC_dc42bfc5,CALLS
FUNC_76008efb,FUNC_dc42bfc5,CALLS
FUNC_715cabd9,FUNC_dc42bfc5,CALLS
FUNC_715cabd9,FUNC_dc42bfc5,CALLS
FUNC_1532c70b,FUNC_dc42bfc5,CALLS
FUNC_1532c70b,FUNC_dc42bfc5,CALLS
FUNC_64415bc4,FUNC_dc42bfc5,CALLS
FUNC_64415bc4,FUNC_dc42bfc5,CALLS
FUNC_9601f47c,FUNC_dc42bfc5,CALLS
FUNC_9601f47c,FUNC_dc42bfc5,CALLS
FUNC_ed028bf7,FUNC_dc42bfc5,CALLS
FUNC_ed028bf7,FUNC_dc42bfc5,CALLS
FUNC_595ec468,FUNC_dc42bfc5,CALLS
FUNC_595ec468,FUNC_dc42bfc5,CALLS
FUNC_3c8e91a5,FUNC_dc42bfc5,CALLS
FUNC_3c8e91a5,FUNC_dc42bfc5,CALLS
FUNC_3153c94f,FUNC_dc42bfc5,CALLS
FUNC_3153c94f,FUNC_dc42bfc5,CALLS
FUNC_4b8b7216,FUNC_dc42bfc5,CALLS
FUNC_4b8b7216,FUNC_dc42bfc5,CALLS
FUNC_8536511a,FUNC_dc42bfc5,CALLS
FUNC_8536511a,FUNC_dc42bfc5,CALLS
FUNC_38714159,FUNC_dc42bfc5,CALLS
FUNC_38714159,FUNC_dc42bfc5,CALLS
FUNC_d2c6dc54,FUNC_dc42bfc5,CALLS
FUNC_d2c6dc54,FUNC_dc42bfc5,CALLS
FUNC_6b3b9739,FUNC_dc42bfc5,CALLS
FUNC_6b3b9739,FUNC_dc42bfc5,CALLS
FUNC_e1c9b836,FUNC_dc42bfc5,CALLS
FUNC_e1c9b836,FUNC_dc42bfc5,CALLS
FUNC_93c90e81,FUNC_dc42bfc5,CALLS
FUNC_93c90e81,FUNC_dc42bfc5,CALLS
FUNC_5d4c2354,FUNC_dc42bfc5,CALLS
FUNC_5d4c2354,FUNC_dc42bfc5,CALLS
FUNC_ef041684,FUNC_dc42bfc5,CALLS
FUNC_ef041684,FUNC_dc42bfc5,CALLS
FUNC_fbacdc35,FUNC_dc42bfc5,CALLS
FUNC_fbacdc35,FUNC_dc42bfc5,CALLS
FUNC_1bab9a49,FUNC_dc42bfc5,CALLS
FUNC_1bab9a49,FUNC_dc42bfc5,CALLS
FUNC_b2ffb688,FUNC_dc42bfc5,CALLS
FUNC_b2ffb688,FUNC_dc42bfc5,CALLS
FUNC_7b433512,FUNC_dc42bfc5,CALLS
FUNC_7b433512,FUNC_dc42bfc5,CALLS
FUNC_bea36369,FUNC_dc42bfc5,CALLS
FUNC_bea36369,FUNC_dc42bfc5,CALLS
FUNC_fcbbc3be,FUNC_dc42bfc5,CALLS
FUNC_fcbbc3be,FUNC_dc42bfc5,CALLS
FUNC_1ffe2341,FUNC_979c9359,CALLS
FUNC_56c17eba,FUNC_40bcb371,CALLS
FUNC_b8129c45,FUNC_40bcb371,CALLS
FUNC_42bcff00,FUNC_b8d315b1,CALLS
FUNC_2d23b7bc,FUNC_b8d315b1,CALLS
FUNC_d9713729,FUNC_5941e518,CALLS
FUNC_4109c2a4,FUNC_40bcb371,CALLS
FUNC_98644ebd,FUNC_40bcb371,CALLS
FUNC_d6836c2a,FUNC_b8d315b1,CALLS
FUNC_89577ce4,FUNC_b8d315b1,CALLS
FUNC_ed06b0cd,FUNC_5941e518,CALLS
FUNC_b3e6febe,FUNC_40bcb371,CALLS
FUNC_4389dda4,FUNC_b8d315b1,CALLS
FUNC_74dd4091,FUNC_40bcb371,CALLS
FUNC_9ed060a8,FUNC_b8d315b1,CALLS
FUNC_e26c5057,FUNC_5941e518,CALLS
FUNC_e26c5057,FUNC_5941e518,CALLS
FUNC_e26c5057,FUNC_5941e518,CALLS
FUNC_e26c5057,FUNC_5941e518,CALLS
FUNC_e26c5057,FUNC_5941e518,CALLS
FUNC_e26c5057,FUNC_5941e518,CALLS
FUNC_e26c5057,FUNC_5941e518,CALLS
FUNC_e26c5057,FUNC_5941e518,CALLS
FUNC_e26c5057,FUNC_5941e518,CALLS
FUNC_bdd1cb1b,FUNC_5941e518,CALLS
FUNC_bdd1cb1b,FUNC_5941e518,CALLS
FUNC_bdd1cb1b,FUNC_5941e518,CALLS
FUNC_bdd1cb1b,FUNC_5941e518,CALLS
FUNC_7535bb9e,FUNC_dc42bfc5,CALLS
FUNC_7535bb9e,FUNC_dc42bfc5,CALLS
FUNC_0877f522,FUNC_5941e518,CALLS
FUNC_79c29206,FUNC_5941e518,CALLS
FUNC_caded371,FUNC_5941e518,CALLS
FUNC_725588e3,FUNC_5941e518,CALLS
FUNC_a2ea8630,FUNC_5941e518,CALLS
FUNC_bfb31e74,FUNC_5941e518,CALLS
FUNC_f68241c7,FUNC_5941e518,CALLS
FUNC_5e1aa08d,FUNC_5941e518,CALLS
FUNC_a28ad2ec,FUNC_5941e518,CALLS
FUNC_cbaa54be,FUNC_5941e518,CALLS
FUNC_cbaa54be,FUNC_5941e518,CALLS
FUNC_cbaa54be,FUNC_5941e518,CALLS
FUNC_cbaa54be,FUNC_5941e518,CALLS
FUNC_cbaa54be,FUNC_5941e518,CALLS
FUNC_cbaa54be,FUNC_5941e518,CALLS
FUNC_cbaa54be,FUNC_5941e518,CALLS
FUNC_cbaa54be,FUNC_5941e518,CALLS
FUNC_b82f1a1f,FUNC_5941e518,CALLS
FUNC_a45a19eb,FUNC_5941e518,CALLS
FUNC_064f4c65,FUNC_5941e518,CALLS
FUNC_c1c9d3b8,FUNC_5941e518,CALLS
FUNC_c1c9d3b8,FUNC_5941e518,CALLS
FUNC_c1c9d3b8,FUNC_5941e518,CALLS
FUNC_c1c9d3b8,FUNC_5941e518,CALLS
FUNC_e9fb9669,FUNC_21b34180,CALLS
FUNC_e9fb9669,FUNC_0f862fd4,CALLS
FUNC_ed936fdd,FUNC_21b34180,CALLS
FUNC_ed936fdd,FUNC_0f862fd4,CALLS
FUNC_d621499e,FUNC_22955626,CALLS
FUNC_9c47dc97,FUNC_22955626,CALLS
FUNC_0007c496,FUNC_5941e518,CALLS
FUNC_763f4b98,FUNC_944f6454,CALLS
FUNC_763f4b98,FUNC_5941e518,CALLS
FUNC_19562419,FUNC_9fd2303a,CALLS
FUNC_0e8d28c0,FUNC_5941e518,CALLS
FUNC_2dfa3247,FUNC_9fd2303a,CALLS
FUNC_35735201,FUNC_4e81048c,CALLS
FUNC_35735201,FUNC_5941e518,CALLS
FUNC_17b5fa17,FUNC_4e81048c,CALLS
FUNC_17b5fa17,FUNC_9fd2303a,CALLS
FUNC_fd7a1634,FUNC_5941e518,CALLS
FUNC_f763597b,FUNC_5941e518,CALLS
FUNC_c051a3a5,FUNC_7d924d85,CALLS
FUNC_c051a3a5,FUNC_5941e518,CALLS
FUNC_c051a3a5,FUNC_5941e518,CALLS
FUNC_c051a3a5,FUNC_5941e518,CALLS
FUNC_d8dcf144,FUNC_7d924d85,CALLS
FUNC_1867c38e,FUNC_dc42bfc5,CALLS
FUNC_1867c38e,FUNC_dc42bfc5,CALLS
FUNC_926d50c7,FUNC_dc42bfc5,CALLS
FUNC_926d50c7,FUNC_dc42bfc5,CALLS
FUNC_82165305,FUNC_dc42bfc5,CALLS
FUNC_82165305,FUNC_dc42bfc5,CALLS
FUNC_ad56f46a,FUNC_dc42bfc5,CALLS
FUNC_ad56f46a,FUNC_dc42bfc5,CALLS
FUNC_74582588,FUNC_dc42bfc5,CALLS
FUNC_74582588,FUNC_dc42bfc5,CALLS
FUNC_9f8f0c20,FUNC_dc42bfc5,CALLS
FUNC_9f8f0c20,FUNC_dc42bfc5,CALLS
FUNC_b6a37665,FUNC_dc42bfc5,CALLS
FUNC_b6a37665,FUNC_dc42bfc5,CALLS
FUNC_3d6855bb,FUNC_dc42bfc5,CALLS
FUNC_3d6855bb,FUNC_dc42bfc5,CALLS
FUNC_c30ab706,FUNC_dc42bfc5,CALLS
FUNC_c30ab706,FUNC_dc42bfc5,CALLS
FUNC_e07e355a,FUNC_dc42bfc5,CALLS
FUNC_e07e355a,FUNC_dc42bfc5,CALLS
FUNC_d2a9b292,FUNC_ac7f8fcc,CALLS
FUNC_d2a9b292,FUNC_21b34180,CALLS
FUNC_5661621d,FUNC_08cddaf7,CALLS
FUNC_5661621d,FUNC_21b34180,CALLS
FUNC_9d953556,FUNC_bffa328e,CALLS
FUNC_9d953556,FUNC_21b34180,CALLS
FUNC_f683f544,FUNC_5b5f88b8,CALLS
FUNC_f683f544,FUNC_21b34180,CALLS
FUNC_8c3a0a93,FUNC_ac7f8fcc,CALLS
FUNC_702df9f1,FUNC_08cddaf7,CALLS
FUNC_8b655f7e,FUNC_bffa328e,CALLS
FUNC_d33ddac5,FUNC_5b5f88b8,CALLS
FUNC_29081767,FUNC_21b34180,CALLS
FUNC_43e62d15,FUNC_5941e518,CALLS
FUNC_43e62d15,FUNC_5941e518,CALLS
FUNC_43e62d15,FUNC_5941e518,CALLS
FUNC_43e62d15,FUNC_5941e518,CALLS
FUNC_43e62d15,FUNC_5941e518,CALLS
FUNC_43e62d15,FUNC_5941e518,CALLS
FUNC_e0da0bdf,FUNC_944f6454,CALLS
FUNC_e0da0bdf,FUNC_382cd067,CALLS
FUNC_e0da0bdf,FUNC_382cd067,CALLS
FUNC_de30af4c,FUNC_944f6454,CALLS
FUNC_de30af4c,FUNC_382cd067,CALLS
FUNC_de30af4c,FUNC_382cd067,CALLS
FUNC_8d42d320,FUNC_944f6454,CALLS
FUNC_eceb112f,FUNC_944f6454,CALLS
FUNC_eceb112f,FUNC_9919beb4,CALLS
FUNC_74331f77,FUNC_944f6454,CALLS
FUNC_74331f77,FUNC_9919beb4,CALLS
FUNC_4acba9e1,FUNC_979c9359,CALLS
FUNC_4acba9e1,FUNC_cbf77821,CALLS
FUNC_e28d20c6,FUNC_944f6454,CALLS
FUNC_e28d20c6,FUNC_ac7f8fcc,CALLS
FUNC_a3ee47d8,FUNC_39415595,CALLS
FUNC_80924ba2,FUNC_5941e518,CALLS
FUNC_80924ba2,FUNC_52086b2f,CALLS
FUNC_80924ba2,FUNC_52086b2f,CALLS
FUNC_80924ba2,FUNC_5941e518,CALLS
FUNC_80924ba2,FUNC_5941e518,CALLS
FUNC_46ed60d7,FUNC_944f6454,CALLS
FUNC_46ed60d7,FUNC_ac7f8fcc,CALLS
FUNC_46ed60d7,FUNC_ac7f8fcc,CALLS
FUNC_ceb35285,FUNC_944f6454,CALLS
FUNC_ceb35285,FUNC_ac7f8fcc,CALLS
FUNC_4a6b50bb,FUNC_b92a8961,CALLS
FUNC_4a6b50bb,FUNC_36df87ac,CALLS
FUNC_4a6b50bb,FUNC_21b34180,CALLS
FUNC_3bde5399,FUNC_b92a8961,CALLS
FUNC_3bde5399,FUNC_21b34180,CALLS
FUNC_3bde5399,FUNC_dc42bfc5,CALLS
FUNC_3bde5399,FUNC_21b34180,CALLS
FUNC_6fc66177,FUNC_5941e518,CALLS
FUNC_6fc66177,FUNC_52086b2f,CALLS
FUNC_6fc66177,FUNC_52086b2f,CALLS
FUNC_6fc66177,FUNC_52086b2f,CALLS
FUNC_6fc66177,FUNC_5941e518,CALLS
FUNC_6fc66177,FUNC_52086b2f,CALLS
FUNC_6fc66177,FUNC_52086b2f,CALLS
FUNC_6fc66177,FUNC_52086b2f,CALLS
FUNC_6fc66177,FUNC_5941e518,CALLS
FUNC_6fc66177,FUNC_52086b2f,CALLS
FUNC_6fc66177,FUNC_52086b2f,CALLS
FUNC_6fc66177,FUNC_52086b2f,CALLS
FUNC_51995a47,FUNC_944f6454,CALLS
FUNC_51995a47,FUNC_bffa328e,CALLS
FUNC_51995a47,FUNC_bffa328e,CALLS
FUNC_51995a47,FUNC_bffa328e,CALLS
FUNC_ac573016,FUNC_944f6454,CALLS
FUNC_ac573016,FUNC_bffa328e,CALLS
FUNC_41c41092,FUNC_0ab329c2,CALLS
FUNC_fb4a5683,FUNC_3fd65067,CALLS
FUNC_fd40451b,FUNC_3fd65067,CALLS
FUNC_83757fb3,FUNC_3fd65067,CALLS
FUNC_c9be4261,FUNC_3fd65067,CALLS
FUNC_8f1c072a,FUNC_3fd65067,CALLS
FUNC_1738cae6,FUNC_3fd65067,CALLS
FUNC_65318ecb,FUNC_3fd65067,CALLS
FUNC_95e193c7,FUNC_3fd65067,CALLS
FUNC_d5826550,FUNC_3fd65067,CALLS
FUNC_94fbcf1b,FUNC_ac7f8fcc,CALLS
FUNC_6c52ceb2,FUNC_ac7f8fcc,CALLS
FUNC_e81d6403,FUNC_0ab329c2,CALLS
FUNC_b276f163,FUNC_ac7f8fcc,CALLS
FUNC_60fda196,FUNC_ac7f8fcc,CALLS
FUNC_3c20315e,FUNC_ac7f8fcc,CALLS
FUNC_cb084d75,FUNC_ac7f8fcc,CALLS
FUNC_6d7adf7b,FUNC_ac7f8fcc,CALLS
FUNC_6d7adf7b,FUNC_ac7f8fcc,CALLS
FUNC_6d7adf7b,FUNC_ac7f8fcc,CALLS
FUNC_6d7adf7b,FUNC_ac7f8fcc,CALLS
FUNC_6d7adf7b,FUNC_ac7f8fcc,CALLS
FUNC_6d7adf7b,FUNC_ac7f8fcc,CALLS
FUNC_6d7adf7b,FUNC_ac7f8fcc,CALLS
FUNC_55f139ef,FUNC_e5e89387,CALLS
FUNC_55f139ef,FUNC_e5e89387,CALLS
FUNC_f51da2c6,FUNC_5941e518,CALLS
FUNC_f51da2c6,FUNC_52086b2f,CALLS
FUNC_f51da2c6,FUNC_52086b2f,CALLS
FUNC_f51da2c6,FUNC_52086b2f,CALLS
FUNC_8fa088de,FUNC_e5e89387,CALLS
FUNC_8fa088de,FUNC_21b34180,CALLS
FUNC_7da88527,FUNC_944f6454,CALLS
FUNC_7da88527,FUNC_ac7f8fcc,CALLS
FUNC_2d2d9b80,FUNC_944f6454,CALLS
FUNC_2d2d9b80,FUNC_ac7f8fcc,CALLS
FUNC_9928cdd9,FUNC_ac7f8fcc,CALLS
FUNC_9928cdd9,FUNC_ac7f8fcc,CALLS
FUNC_746793d2,FUNC_ac7f8fcc,CALLS
FUNC_27ec3705,FUNC_ac7f8fcc,CALLS
FUNC_27ec3705,FUNC_ac7f8fcc,CALLS
FUNC_429a846c,FUNC_ac7f8fcc,CALLS
FUNC_429a846c,FUNC_ac7f8fcc,CALLS
FUNC_39c8ce6a,FUNC_dc42bfc5,CALLS
FUNC_39c8ce6a,FUNC_dc42bfc5,CALLS
FUNC_d610213c,FUNC_830ac2aa,CALLS
FUNC_d610213c,FUNC_5941e518,CALLS
FUNC_290457d5,FUNC_dc42bfc5,CALLS
FUNC_03ddff4b,FUNC_dc42bfc5,CALLS
FUNC_03ddff4b,FUNC_dc42bfc5,CALLS
FUNC_79845848,FUNC_60b1c839,CALLS
FUNC_79845848,FUNC_60b1c839,CALLS
FUNC_79845848,FUNC_60b1c839,CALLS
FUNC_5645aeac,FUNC_02a6b28c,CALLS
FUNC_5645aeac,FUNC_02a6b28c,CALLS
FUNC_5645aeac,FUNC_02a6b28c,CALLS
FUNC_b68aacd9,FUNC_22955626,CALLS
FUNC_b68aacd9,FUNC_21b34180,CALLS
FUNC_b68aacd9,FUNC_0f862fd4,CALLS
FUNC_b68aacd9,FUNC_22955626,CALLS
FUNC_b68aacd9,FUNC_22955626,CALLS
FUNC_fb6fd26c,FUNC_204e1a7f,CALLS
FUNC_044d2858,FUNC_22955626,CALLS
FUNC_e3df2551,FUNC_dc42bfc5,CALLS
FUNC_e3df2551,FUNC_dc42bfc5,CALLS
FUNC_682af409,FUNC_fc5a841f,CALLS
FUNC_682af409,FUNC_b474515b,CALLS
FUNC_682af409,FUNC_b474515b,CALLS
FUNC_682af409,FUNC_4955d345,CALLS
FUNC_682af409,FUNC_4955d345,CALLS
FUNC_682af409,FUNC_4955d345,CALLS
FUNC_682af409,FUNC_4955d345,CALLS
FUNC_525b4ddb,FUNC_52086b2f,CALLS
FUNC_525b4ddb,FUNC_52086b2f,CALLS
FUNC_c313c73e,FUNC_21b34180,CALLS
FUNC_bf7a0209,FUNC_dc42bfc5,CALLS
FUNC_bf7a0209,FUNC_dc42bfc5,CALLS
FUNC_69d13cf1,FUNC_979c9359,CALLS
FUNC_69d13cf1,FUNC_64eb08ee,CALLS
FUNC_69d13cf1,FUNC_58918b63,CALLS
FUNC_69d13cf1,FUNC_b6cc3e7e,CALLS
FUNC_4b7cc5a3,FUNC_77190aaf,CALLS
FUNC_4b7cc5a3,FUNC_60b1c839,CALLS
FUNC_67377103,FUNC_944f6454,CALLS
FUNC_353a1a47,FUNC_5d44a1f6,CALLS
FUNC_19214de0,FUNC_944f6454,CALLS
FUNC_a7ec07c0,FUNC_5d44a1f6,CALLS
FUNC_323417b8,FUNC_21b34180,CALLS
FUNC_d15e42ed,FUNC_21b34180,CALLS
FUNC_88483bc7,FUNC_944f6454,CALLS
FUNC_88483bc7,FUNC_302b46f4,CALLS
FUNC_b56f703d,FUNC_944f6454,CALLS
FUNC_b56f703d,FUNC_302b46f4,CALLS
FUNC_c683e22b,FUNC_a1b38e2d,CALLS
FUNC_22027be6,FUNC_c32bf4e1,CALLS
FUNC_d1843058,FUNC_a486e0c2,CALLS
FUNC_24644811,FUNC_a486e0c2,CALLS
FUNC_88f5fc1e,FUNC_a486e0c2,CALLS
FUNC_6cd18644,FUNC_a486e0c2,CALLS
FUNC_8c0b5965,FUNC_b08b649e,CALLS
FUNC_6993e967,FUNC_b08b649e,CALLS
FUNC_6993e967,FUNC_b08b649e,CALLS
FUNC_b2bc1e7b,FUNC_b08b649e,CALLS
FUNC_e080c585,FUNC_f15afe54,CALLS
FUNC_8e0d00dc,FUNC_02a6b28c,CALLS
FUNC_82b05560,FUNC_dc42bfc5,CALLS
FUNC_82b05560,FUNC_dc42bfc5,CALLS
FUNC_06339324,FUNC_944f6454,CALLS
FUNC_06339324,FUNC_3ab68adf,CALLS
FUNC_050c3d77,FUNC_944f6454,CALLS
FUNC_050c3d77,FUNC_3ab68adf,CALLS
FUNC_632ca724,FUNC_944f6454,CALLS
FUNC_dd03b982,FUNC_944f6454,CALLS
FUNC_6bbe4c47,FUNC_944f6454,CALLS
FUNC_f44bedde,FUNC_5d44a1f6,CALLS
FUNC_d02cef1e,FUNC_5d44a1f6,CALLS
FUNC_e14d172e,FUNC_5d44a1f6,CALLS
FUNC_a83f8e58,FUNC_33f32ae9,CALLS
FUNC_92ad4238,FUNC_e357b584,CALLS
FUNC_fe75fdb5,FUNC_f15afe54,CALLS
FUNC_fe75fdb5,FUNC_33f32ae9,CALLS
FUNC_4794b290,FUNC_cca08941,CALLS
FUNC_4794b290,FUNC_e357b584,CALLS
FUNC_28b68571,FUNC_f15afe54,CALLS
FUNC_28b68571,FUNC_f15afe54,CALLS
FUNC_28b68571,FUNC_33f32ae9,CALLS
FUNC_95b0538e,FUNC_cca08941,CALLS
FUNC_95b0538e,FUNC_cca08941,CALLS
FUNC_95b0538e,FUNC_e357b584,CALLS
FUNC_1c9b4f55,FUNC_944f6454,CALLS
FUNC_2a88456f,FUNC_944f6454,CALLS
FUNC_adc66a9c,FUNC_af8f91f2,CALLS
FUNC_a381ac61,FUNC_f15afe54,CALLS
FUNC_a381ac61,FUNC_33f32ae9,CALLS
FUNC_21e35f78,FUNC_f15afe54,CALLS
FUNC_21e35f78,FUNC_33f32ae9,CALLS
FUNC_85b21566,FUNC_cca08941,CALLS
FUNC_85b21566,FUNC_e357b584,CALLS
FUNC_fffc90df,FUNC_5d44a1f6,CALLS
FUNC_fffc90df,FUNC_5d44a1f6,CALLS
FUNC_fffc90df,FUNC_88ec0f87,CALLS
FUNC_fa26032c,FUNC_f15afe54,CALLS
FUNC_fa26032c,FUNC_f15afe54,CALLS
FUNC_fa26032c,FUNC_f15afe54,CALLS
FUNC_fa26032c,FUNC_f15afe54,CALLS
FUNC_fa26032c,FUNC_f15afe54,CALLS
FUNC_99a103ee,FUNC_f15afe54,CALLS
FUNC_99a103ee,FUNC_07558980,CALLS
FUNC_99a103ee,FUNC_33f32ae9,CALLS
FUNC_be40f3cf,FUNC_cca08941,CALLS
FUNC_be40f3cf,FUNC_f578f92b,CALLS
FUNC_be40f3cf,FUNC_e357b584,CALLS
FUNC_7a05a3f4,FUNC_33f32ae9,CALLS
FUNC_09b9ca6b,FUNC_f15afe54,CALLS
FUNC_09b9ca6b,FUNC_33f32ae9,CALLS
FUNC_09b9ca6b,FUNC_33f32ae9,CALLS
FUNC_16f7171b,FUNC_748c1838,CALLS
FUNC_16f7171b,FUNC_60b1c839,CALLS
FUNC_16f7171b,FUNC_60b1c839,CALLS
FUNC_16f7171b,FUNC_60b1c839,CALLS
FUNC_5304a617,FUNC_5d44a1f6,CALLS
FUNC_15093892,FUNC_5d44a1f6,CALLS
FUNC_e281076d,FUNC_5d44a1f6,CALLS
FUNC_af4b8ec8,FUNC_5d44a1f6,CALLS
FUNC_a0c474c0,FUNC_5d44a1f6,CALLS
FUNC_c78032b6,FUNC_5d44a1f6,CALLS
FUNC_6a89518a,FUNC_5d44a1f6,CALLS
FUNC_683ce132,FUNC_5d44a1f6,CALLS
FUNC_a6608c94,FUNC_60b1c839,CALLS
FUNC_a6608c94,FUNC_21b34180,CALLS
FUNC_a6608c94,FUNC_0f862fd4,CALLS
FUNC_24f6e588,FUNC_02a6b28c,CALLS
FUNC_24f6e588,FUNC_22955626,CALLS
FUNC_eb5956e3,FUNC_944f6454,CALLS
FUNC_eb5956e3,FUNC_f8cf0e4c,CALLS
FUNC_8cafa82e,FUNC_64c6ddbc,CALLS
FUNC_712e9794,FUNC_5941e518,CALLS
FUNC_712e9794,FUNC_5c395d7e,CALLS
FUNC_4a320e2e,FUNC_5941e518,CALLS
FUNC_ee4a9a9d,FUNC_5941e518,CALLS
FUNC_cb09304a,FUNC_5941e518,CALLS
FUNC_f5edc221,FUNC_5941e518,CALLS
FUNC_94f5dc73,FUNC_707bc9f3,CALLS
FUNC_94f5dc73,FUNC_5941e518,CALLS
FUNC_985e6280,FUNC_707bc9f3,CALLS
FUNC_985e6280,FUNC_5941e518,CALLS
FUNC_e46f3e3c,FUNC_5941e518,CALLS
FUNC_1c03036c,FUNC_e46f3e3c,CALLS
FUNC_50134688,FUNC_e46f3e3c,CALLS
FUNC_47c5994b,FUNC_e46f3e3c,CALLS
FUNC_d861e8f2,FUNC_5941e518,CALLS
FUNC_b2506727,FUNC_5941e518,CALLS
FUNC_5ed47408,FUNC_5941e518,CALLS
FUNC_5ed47408,FUNC_5941e518,CALLS
FUNC_c7ed47df,FUNC_5941e518,CALLS
FUNC_77db4976,FUNC_5941e518,CALLS
FUNC_636ce058,FUNC_dc42bfc5,CALLS
FUNC_636ce058,FUNC_dc42bfc5,CALLS
FUNC_54dbcc95,FUNC_21b34180,CALLS
FUNC_c01436b4,FUNC_21b34180,CALLS
FUNC_934f0134,FUNC_cd1b4a9a,CALLS
FUNC_eb3d5681,FUNC_edeaac19,CALLS
FUNC_4eda6837,FUNC_21b34180,CALLS
FUNC_04b0b4a8,FUNC_21b34180,CALLS
FUNC_a4307197,FUNC_52086b2f,CALLS
FUNC_69973d81,FUNC_52086b2f,CALLS
FUNC_b97275c7,FUNC_52086b2f,CALLS
FUNC_b97275c7,FUNC_d9d17113,CALLS
FUNC_b97275c7,FUNC_52086b2f,CALLS
FUNC_c4d5c301,FUNC_52086b2f,CALLS
FUNC_d8395d93,FUNC_52086b2f,CALLS
FUNC_d8395d93,FUNC_d9d17113,CALLS
FUNC_d8395d93,FUNC_d9d17113,CALLS
FUNC_d8395d93,FUNC_d9d17113,CALLS
FUNC_fd999d7d,FUNC_ca866c2c,CALLS
FUNC_fd999d7d,FUNC_52086b2f,CALLS
FUNC_fd999d7d,FUNC_ca866c2c,CALLS
FUNC_fd999d7d,FUNC_d9d17113,CALLS
FUNC_fd999d7d,FUNC_ca866c2c,CALLS
FUNC_fd999d7d,FUNC_52086b2f,CALLS
FUNC_f28a867c,FUNC_d07ec5c9,CALLS
FUNC_f28a867c,FUNC_d07ec5c9,CALLS
FUNC_f28a867c,FUNC_d07ec5c9,CALLS
FUNC_25b66dda,FUNC_a3550150,CALLS
FUNC_5f695927,FUNC_dd2b7277,CALLS
FUNC_1363f1a4,FUNC_dd2b7277,CALLS
FUNC_6c9cd78c,FUNC_944f6454,CALLS
FUNC_6c9cd78c,FUNC_ff00dfa3,CALLS
FUNC_ba7bf8cf,FUNC_5aa2468e,CALLS
FUNC_ba7bf8cf,FUNC_5aa2468e,CALLS
FUNC_ba7bf8cf,FUNC_9816d7c3,CALLS
FUNC_ba7bf8cf,FUNC_9816d7c3,CALLS
FUNC_9d6fe0a0,FUNC_644612be,CALLS
FUNC_375f1216,FUNC_d2bb062b,CALLS
FUNC_9816d7c3,FUNC_302b46f4,CALLS
FUNC_9d6fe0a0,FUNC_644612be,CALLS
FUNC_27900141,FUNC_d2bb062b,CALLS
FUNC_9d6fe0a0,FUNC_302b46f4,CALLS
FUNC_27900141,FUNC_644612be,CALLS
FUNC_a476d244,FUNC_4a271a09,CALLS
FUNC_a476d244,FUNC_5745597b,CALLS
FUNC_a476d244,FUNC_5ca8c71b,CALLS
FUNC_a476d244,FUNC_7fecd38d,CALLS
FUNC_a476d244,FUNC_60b1c839,CALLS
FUNC_a476d244,FUNC_9f1a79b5,CALLS
FUNC_6227de36,FUNC_665ebe0a,CALLS
FUNC_4180afa0,FUNC_665ebe0a,CALLS
FUNC_69fde611,FUNC_665ebe0a,CALLS
FUNC_29fd8d04,FUNC_665ebe0a,CALLS
FUNC_5ade7173,FUNC_665ebe0a,CALLS
FUNC_35bc023d,FUNC_bffa328e,CALLS
FUNC_dbfb726a,FUNC_ac7f8fcc,CALLS
FUNC_c1835c52,FUNC_a8a8c286,CALLS
FUNC_c1835c52,FUNC_60b1c839,CALLS
FUNC_c1820c95,FUNC_52086b2f,CALLS
FUNC_46a7e66e,FUNC_52086b2f,CALLS
FUNC_489aaf1b,FUNC_ae56641f,CALLS
FUNC_6de75d01,FUNC_06c7048e,CALLS
FUNC_10fe5417,FUNC_6de75d01,CALLS
FUNC_10fe5417,FUNC_6de75d01,CALLS
FUNC_10fe5417,FUNC_6de75d01,CALLS
FUNC_10fe5417,FUNC_6de75d01,CALLS
FUNC_10fe5417,FUNC_6de75d01,CALLS
FUNC_10fe5417,FUNC_6de75d01,CALLS
FUNC_10fe5417,FUNC_6de75d01,CALLS
FUNC_10fe5417,FUNC_6de75d01,CALLS
FUNC_10fe5417,FUNC_6de75d01,CALLS
FUNC_10fe5417,FUNC_6de75d01,CALLS
FUNC_10fe5417,FUNC_6de75d01,CALLS
FUNC_10fe5417,FUNC_6de75d01,CALLS
FUNC_10fe5417,FUNC_6de75d01,CALLS
FUNC_10fe5417,FUNC_6de75d01,CALLS
FUNC_10fe5417,FUNC_6de75d01,CALLS
FUNC_10fe5417,FUNC_6de75d01,CALLS
FUNC_10fe5417,FUNC_6de75d01,CALLS
FUNC_10fe5417,FUNC_6de75d01,CALLS
FUNC_10fe5417,FUNC_6de75d01,CALLS
FUNC_10fe5417,FUNC_6de75d01,CALLS
FUNC_10fe5417,FUNC_6de75d01,CALLS
FUNC_10fe5417,FUNC_6de75d01,CALLS
FUNC_10fe5417,FUNC_6de75d01,CALLS
FUNC_10fe5417,FUNC_6de75d01,CALLS
FUNC_10fe5417,FUNC_6de75d01,CALLS
FUNC_10fe5417,FUNC_6de75d01,CALLS
FUNC_10fe5417,FUNC_6de75d01,CALLS
FUNC_10fe5417,FUNC_6de75d01,CALLS
FUNC_10fe5417,FUNC_6de75d01,CALLS
FUNC_10fe5417,FUNC_6de75d01,CALLS
FUNC_10fe5417,FUNC_6de75d01,CALLS
FUNC_10fe5417,FUNC_6de75d01,CALLS
FUNC_10fe5417,FUNC_6de75d01,CALLS
FUNC_10fe5417,FUNC_6de75d01,CALLS
FUNC_10fe5417,FUNC_6de75d01,CALLS
FUNC_10fe5417,FUNC_6de75d01,CALLS
FUNC_10fe5417,FUNC_6de75d01,CALLS
FUNC_10fe5417,FUNC_6de75d01,CALLS
FUNC_10fe5417,FUNC_6de75d01,CALLS
FUNC_10fe5417,FUNC_6de75d01,CALLS
FUNC_10fe5417,FUNC_6de75d01,CALLS
FUNC_10fe5417,FUNC_6de75d01,CALLS
FUNC_10fe5417,FUNC_6de75d01,CALLS
FUNC_10fe5417,FUNC_6de75d01,CALLS
FUNC_10fe5417,FUNC_6de75d01,CALLS
FUNC_d326b6a1,FUNC_6a7294b6,CALLS
FUNC_d326b6a1,FUNC_d326b6a1,CALLS
FUNC_dd2b7277,FUNC_6a7294b6,CALLS
FUNC_dd2b7277,FUNC_dd2b7277,CALLS
FUNC_e8b344e8,FUNC_5d44a1f6,CALLS
FUNC_94e61b07,FUNC_1b398bb7,CALLS
FUNC_94e61b07,FUNC_ce585b20,CALLS
FUNC_94e61b07,FUNC_13566954,CALLS
FUNC_f42eef0d,FUNC_1b398bb7,CALLS
FUNC_f42eef0d,FUNC_c01436b4,CALLS
FUNC_f42eef0d,FUNC_826678ca,CALLS
FUNC_1cd8e196,FUNC_60b1c839,CALLS
FUNC_1cd8e196,FUNC_ff00dfa3,CALLS
FUNC_1cd8e196,FUNC_21b34180,CALLS
FUNC_a14665a9,FUNC_02a6b28c,CALLS
FUNC_a14665a9,FUNC_924fb7ac,CALLS
FUNC_a14665a9,FUNC_21b34180,CALLS
FUNC_c15163e0,FUNC_b792cc78,CALLS
FUNC_3d706e37,FUNC_1af63e99,CALLS
FUNC_b792cc78,FUNC_60b1c839,CALLS
FUNC_b792cc78,FUNC_450a5bc5,CALLS
FUNC_1af63e99,FUNC_02a6b28c,CALLS
FUNC_1af63e99,FUNC_450a5bc5,CALLS
FUNC_d2f3c858,FUNC_60b1c839,CALLS
FUNC_d2f3c858,FUNC_60b1c839,CALLS
FUNC_42798dd8,FUNC_dc42bfc5,CALLS
FUNC_99d67342,FUNC_52086b2f,CALLS
FUNC_60b1c839,FUNC_52086b2f,CALLS
FUNC_60b1c839,FUNC_52086b2f,CALLS
FUNC_60b1c839,FUNC_52086b2f,CALLS
FUNC_60b1c839,FUNC_52086b2f,CALLS
FUNC_60b1c839,FUNC_48b1edd1,CALLS
FUNC_60b1c839,FUNC_52086b2f,CALLS
FUNC_60b1c839,FUNC_0551abf4,CALLS
FUNC_60b1c839,FUNC_654c67f9,CALLS
FUNC_60b1c839,FUNC_29850019,CALLS
FUNC_02a6b28c,FUNC_52086b2f,CALLS
FUNC_02a6b28c,FUNC_52086b2f,CALLS
FUNC_02a6b28c,FUNC_52086b2f,CALLS
FUNC_02a6b28c,FUNC_52086b2f,CALLS
FUNC_02a6b28c,FUNC_48b1edd1,CALLS
FUNC_02a6b28c,FUNC_52086b2f,CALLS
FUNC_02a6b28c,FUNC_22da40f4,CALLS
FUNC_02a6b28c,FUNC_654c67f9,CALLS
FUNC_02a6b28c,FUNC_29850019,CALLS
FUNC_8f0af04c,FUNC_0551abf4,CALLS
FUNC_7130dea5,FUNC_22da40f4,CALLS
FUNC_0551abf4,FUNC_60b1c839,CALLS
FUNC_0551abf4,FUNC_d71140fa,CALLS
FUNC_22da40f4,FUNC_02a6b28c,CALLS
FUNC_22da40f4,FUNC_d71140fa,CALLS
FUNC_d71140fa,FUNC_42798dd8,CALLS
FUNC_7e1560c4,FUNC_b25da93c,CALLS
FUNC_7e1560c4,FUNC_0c2ba23d,CALLS
FUNC_a48df3e5,FUNC_7e1560c4,CALLS
FUNC_548034fd,FUNC_64eb08ee,CALLS
FUNC_548034fd,FUNC_74300c9d,CALLS
FUNC_548034fd,FUNC_a48df3e5,CALLS
FUNC_a72ee8b4,FUNC_64eb08ee,CALLS
FUNC_a72ee8b4,FUNC_b9f4ded0,CALLS
FUNC_a72ee8b4,FUNC_a48df3e5,CALLS
FUNC_0d4c85ae,FUNC_52086b2f,CALLS
FUNC_0d4c85ae,FUNC_ce585b20,CALLS
FUNC_7813b90d,FUNC_52086b2f,CALLS
FUNC_7813b90d,FUNC_c01436b4,CALLS
FUNC_9b873bed,FUNC_21b34180,CALLS
FUNC_be2ca9c3,FUNC_fddeda83,CALLS
FUNC_be2ca9c3,FUNC_347dccf3,CALLS
FUNC_be2ca9c3,FUNC_e1e958d6,CALLS
FUNC_fddeda83,FUNC_02a6b28c,CALLS
FUNC_347dccf3,FUNC_02a6b28c,CALLS
FUNC_dab5f6c7,FUNC_00d8de94,CALLS
FUNC_dab5f6c7,FUNC_5f32839d,CALLS
FUNC_dab5f6c7,FUNC_e1e958d6,CALLS
FUNC_00d8de94,FUNC_60b1c839,CALLS
FUNC_5f32839d,FUNC_60b1c839,CALLS
FUNC_e1e958d6,FUNC_bbf2ac1c,CALLS
FUNC_01843d26,FUNC_52086b2f,CALLS
FUNC_01843d26,FUNC_52086b2f,CALLS
FUNC_01843d26,FUNC_be8bebeb,CALLS
FUNC_9997277e,FUNC_95c61420,CALLS
FUNC_9997277e,FUNC_abbd5c55,CALLS
FUNC_6b050cff,FUNC_ad582242,CALLS
FUNC_ff00dfa3,FUNC_60b1c839,CALLS
FUNC_3d25b5d2,FUNC_b474515b,CALLS
FUNC_3d25b5d2,FUNC_b474515b,CALLS
FUNC_3d25b5d2,FUNC_f7ac5bf6,CALLS
FUNC_116c441b,FUNC_52086b2f,CALLS
FUNC_116c441b,FUNC_52086b2f,CALLS
FUNC_c55fd4aa,FUNC_c55fd4aa,CALLS
FUNC_e1e3b350,FUNC_c55fd4aa,CALLS
FUNC_c3f89fe5,FUNC_21b34180,CALLS
FUNC_240da08f,FUNC_302b46f4,CALLS
FUNC_924fb7ac,FUNC_9816d7c3,CALLS
FUNC_39428fa0,FUNC_306702fc,CALLS
FUNC_39428fa0,FUNC_5941e518,CALLS
FUNC_bb6198a5,FUNC_5e104537,CALLS
FUNC_bb6198a5,FUNC_5941e518,CALLS
FUNC_11cd51f7,FUNC_31c4eba5,CALLS
FUNC_f0cc1697,FUNC_60b1c839,CALLS
FUNC_f0cc1697,FUNC_5941e518,CALLS
FUNC_83dc1737,FUNC_5e104537,CALLS
FUNC_23f5b71b,FUNC_31c4eba5,CALLS
FUNC_361111c1,FUNC_52086b2f,CALLS
FUNC_361111c1,FUNC_ff00dfa3,CALLS
FUNC_361111c1,FUNC_ff00dfa3,CALLS
FUNC_455109ca,FUNC_52086b2f,CALLS
FUNC_455109ca,FUNC_924fb7ac,CALLS
FUNC_455109ca,FUNC_924fb7ac,CALLS
FUNC_c8c849f7,FUNC_271641bb,CALLS
FUNC_60e32eea,FUNC_ee54fb05,CALLS
FUNC_d9ff774d,FUNC_db92a90d,CALLS
FUNC_f605f5c4,FUNC_60b1c839,CALLS
FUNC_f605f5c4,FUNC_60e32eea,CALLS
FUNC_f605f5c4,FUNC_d9ff774d,CALLS
FUNC_161710cd,FUNC_02a6b28c,CALLS
FUNC_161710cd,FUNC_60e32eea,CALLS
FUNC_161710cd,FUNC_62029d42,CALLS
FUNC_f5f78935,FUNC_271641bb,CALLS
FUNC_f5f78935,FUNC_611feb4d,CALLS
FUNC_f5f78935,FUNC_5ca8c71b,CALLS
FUNC_f6821f23,FUNC_9d033c41,CALLS
FUNC_f6821f23,FUNC_8232bb95,CALLS
FUNC_f6821f23,FUNC_06c7048e,CALLS
FUNC_1b1b441c,FUNC_8907f00f,CALLS
FUNC_97fdc556,FUNC_be4eda8c,CALLS
FUNC_34753323,FUNC_af8f91f2,CALLS
FUNC_e4c4561a,FUNC_abbd5c55,CALLS
FUNC_e4c4561a,FUNC_d2bb062b,CALLS
FUNC_e4c4561a,FUNC_13566954,CALLS
FUNC_e4c4561a,FUNC_21b34180,CALLS
FUNC_36045d42,FUNC_ad582242,CALLS
FUNC_36045d42,FUNC_375f1216,CALLS
FUNC_36045d42,FUNC_826678ca,CALLS
FUNC_36045d42,FUNC_21b34180,CALLS
FUNC_af56d16c,FUNC_302b46f4,CALLS
FUNC_af56d16c,FUNC_abbd5c55,CALLS
FUNC_af56d16c,FUNC_302b46f4,CALLS
FUNC_af56d16c,FUNC_13566954,CALLS
FUNC_3d24f76c,FUNC_9816d7c3,CALLS
FUNC_3d24f76c,FUNC_ad582242,CALLS
FUNC_3d24f76c,FUNC_9816d7c3,CALLS
FUNC_3d24f76c,FUNC_826678ca,CALLS
FUNC_f8e5cd54,FUNC_1b1b441c,CALLS
FUNC_a9881381,FUNC_5a4bb097,CALLS
FUNC_899e485f,FUNC_a9881381,CALLS
FUNC_899e485f,FUNC_5a4bb097,CALLS
FUNC_5aa2468e,FUNC_899e485f,CALLS
FUNC_5aa2468e,FUNC_1b1399b0,CALLS
FUNC_5aa2468e,FUNC_5a4bb097,CALLS
FUNC_7f19ca01,FUNC_6fc122b4,CALLS
FUNC_7f19ca01,FUNC_36df87ac,CALLS
FUNC_115e02b5,FUNC_7f19ca01,CALLS
FUNC_4a6d20de,FUNC_7f19ca01,CALLS
FUNC_35b04dc0,FUNC_07558980,CALLS
FUNC_f7db6a92,FUNC_f578f92b,CALLS
FUNC_f99a33c3,FUNC_33f32ae9,CALLS
FUNC_46011b28,FUNC_33f32ae9,CALLS
FUNC_421a047b,FUNC_e357b584,CALLS
FUNC_906c5357,FUNC_dc42bfc5,CALLS
FUNC_64755588,FUNC_f15afe54,CALLS
FUNC_64755588,FUNC_c138d8f2,CALLS
FUNC_0fc59e99,FUNC_cca08941,CALLS
FUNC_0fc59e99,FUNC_5518956b,CALLS
FUNC_c138d8f2,FUNC_33ac4ead,CALLS
FUNC_5518956b,FUNC_d6895626,CALLS
FUNC_bda6cf5e,FUNC_07558980,CALLS
FUNC_15603830,FUNC_f578f92b,CALLS
FUNC_9ed6f856,FUNC_33f32ae9,CALLS
FUNC_9ed6f856,FUNC_33f32ae9,CALLS
FUNC_0c7d6ee5,FUNC_f15afe54,CALLS
FUNC_0c7d6ee5,FUNC_395fef94,CALLS
FUNC_27f5960a,FUNC_395fef94,CALLS
FUNC_395fef94,FUNC_7de8f11d,CALLS
FUNC_395fef94,FUNC_f15afe54,CALLS
FUNC_c778edff,FUNC_6fc122b4,CALLS
FUNC_0a60a4da,FUNC_c778edff,CALLS
FUNC_0a60a4da,FUNC_60b1c839,CALLS
FUNC_0a60a4da,FUNC_e3a5f356,CALLS
FUNC_fe0c08ef,FUNC_c778edff,CALLS
FUNC_fe0c08ef,FUNC_02a6b28c,CALLS
FUNC_fe0c08ef,FUNC_e3a5f356,CALLS
FUNC_94d0265d,FUNC_dc42bfc5,CALLS
FUNC_94d0265d,FUNC_21b34180,CALLS
FUNC_94d0265d,FUNC_21b34180,CALLS
FUNC_547b6fce,FUNC_94d0265d,CALLS
FUNC_547b6fce,FUNC_ce585b20,CALLS
FUNC_0e1cfc57,FUNC_94d0265d,CALLS
FUNC_0e1cfc57,FUNC_c01436b4,CALLS
FUNC_33ac4ead,FUNC_1da531a3,CALLS
FUNC_d6895626,FUNC_1bb632e5,CALLS
FUNC_7fecd38d,FUNC_33ac4ead,CALLS
FUNC_ab2a418b,FUNC_dc42bfc5,CALLS
FUNC_ff65fab1,FUNC_f15afe54,CALLS
FUNC_ff65fab1,FUNC_33ac4ead,CALLS
FUNC_80aa2028,FUNC_07558980,CALLS
FUNC_6fc122b4,FUNC_21b34180,CALLS
FUNC_6fc122b4,FUNC_dc42bfc5,CALLS
FUNC_c048e0cc,FUNC_606752b7,CALLS
FUNC_c048e0cc,FUNC_5516cf31,CALLS
FUNC_f1a31cde,FUNC_ac61fd6e,CALLS
FUNC_5516cf31,FUNC_ac61fd6e,CALLS
FUNC_065e7e3f,FUNC_421a047b,CALLS
FUNC_666ffb98,FUNC_52086b2f,CALLS
FUNC_065e7e3f,FUNC_33f32ae9,CALLS
FUNC_644a4963,FUNC_6fc122b4,CALLS
FUNC_644a4963,FUNC_36df87ac,CALLS
FUNC_ac3090d8,FUNC_f15afe54,CALLS
FUNC_6db50773,FUNC_07558980,CALLS
FUNC_52086b2f,FUNC_52086b2f,CALLS
FUNC_736543c6,FUNC_07558980,CALLS
FUNC_93d975f9,FUNC_af8f91f2,CALLS
FUNC_dc42bfc5,FUNC_ae56641f,CALLS
FUNC_dc42bfc5,FUNC_dc42bfc5,CALLS
FUNC_fe191f90,FUNC_ae56641f,CALLS
FUNC_a3550150,FUNC_a3550150,CALLS
FUNC_518cbc77,FUNC_ae56641f,CALLS
FUNC_736543c6,FUNC_518cbc77,CALLS
FUNC_736543c6,FUNC_518cbc77,CALLS
FUNC_93d975f9,FUNC_af8f91f2,CALLS
FUNC_dc42bfc5,FUNC_ae56641f,CALLS
FUNC_dc42bfc5,FUNC_dc42bfc5,CALLS
FUNC_fe191f90,FUNC_ae56641f,CALLS
FUNC_a3550150,FUNC_a3550150,CALLS
FUNC_cc164967,FUNC_36df87ac,CALLS
FUNC_cc164967,FUNC_21b34180,CALLS
FUNC_736543c6,FUNC_cc164967,CALLS
FUNC_736543c6,FUNC_ae56641f,CALLS
FUNC_93d975f9,FUNC_af8f91f2,CALLS
FUNC_93d975f9,FUNC_58bba201,CALLS
FUNC_6ad76022,FUNC_373036e4,CALLS
FUNC_58bba201,FUNC_6ad76022,CALLS
FUNC_52086b2f,FUNC_6ad76022,CALLS
FUNC_dc42bfc5,FUNC_ae56641f,CALLS
FUNC_dc42bfc5,FUNC_6ad76022,CALLS
FUNC_fe191f90,FUNC_6ad76022,CALLS
FUNC_a3550150,FUNC_6ad76022,CALLS
FUNC_736543c6,FUNC_373036e4,CALLS
FUNC_71f67eea,FUNC_6fc122b4,CALLS
FUNC_71f67eea,FUNC_1da531a3,CALLS
FUNC_71f67eea,FUNC_52086b2f,CALLS
FUNC_7afd2baa,FUNC_f15afe54,CALLS
FUNC_7afd2baa,FUNC_6fc122b4,CALLS
FUNC_7afd2baa,FUNC_52086b2f,CALLS
FUNC_7afd2baa,FUNC_1da531a3,CALLS
FUNC_7afd2baa,FUNC_dc42bfc5,CALLS
FUNC_736543c6,FUNC_07558980,CALLS
FUNC_736543c6,FUNC_07558980,CALLS
FUNC_736543c6,FUNC_07558980,CALLS
FUNC_0e1fdc6a,FUNC_f15afe54,CALLS
FUNC_13112e2f,FUNC_21b34180,CALLS
FUNC_b630d381,FUNC_dc42bfc5,CALLS
FUNC_b630d381,FUNC_dc42bfc5,CALLS
FUNC_a0a71ca5,FUNC_33f32ae9,CALLS
FUNC_960232bd,FUNC_f15afe54,CALLS
FUNC_86b719dc,FUNC_07558980,CALLS
FUNC_531c1bc0,FUNC_07558980,CALLS
FUNC_5e93babb,FUNC_dc42bfc5,CALLS
FUNC_315526c9,FUNC_dc42bfc5,CALLS
FUNC_993c3ff2,FUNC_52086b2f,CALLS
FUNC_4dda51f2,FUNC_af8f91f2,CALLS
FUNC_061d8477,FUNC_07558980,CALLS
FUNC_c1f92086,FUNC_dc42bfc5,CALLS
FUNC_6d1e05bc,FUNC_3f69826c,CALLS
FUNC_6d1e05bc,FUNC_1677b287,CALLS
FUNC_5c697057,FUNC_af8f91f2,CALLS
FUNC_e4daa531,FUNC_3f69826c,CALLS
FUNC_e4daa531,FUNC_1677b287,CALLS
FUNC_6db9d35f,FUNC_6db9d35f,CALLS
FUNC_7280a2ee,FUNC_af8f91f2,CALLS
FUNC_f30b85a9,FUNC_f30b85a9,CALLS
FUNC_4803f4ec,FUNC_280b158b,CALLS
FUNC_280b158b,FUNC_52086b2f,CALLS
FUNC_280b158b,FUNC_64eb08ee,CALLS
FUNC_280b158b,FUNC_64eb08ee,CALLS
FUNC_280b158b,FUNC_52086b2f,CALLS
FUNC_280b158b,FUNC_52086b2f,CALLS
FUNC_4c47c82e,FUNC_af8f91f2,CALLS
FUNC_57e2c469,FUNC_b474515b,CALLS
FUNC_57e2c469,FUNC_b474515b,CALLS
FUNC_57e2c469,FUNC_36df87ac,CALLS
FUNC_985f6aad,FUNC_36df87ac,CALLS
FUNC_64cce43c,FUNC_195a74df,CALLS
FUNC_64cce43c,FUNC_b474515b,CALLS
FUNC_64cce43c,FUNC_57e2c469,CALLS
FUNC_64cce43c,FUNC_985f6aad,CALLS
FUNC_1d9a96f0,FUNC_195a74df,CALLS
FUNC_1d9a96f0,FUNC_dc42bfc5,CALLS
FUNC_1d9a96f0,FUNC_b474515b,CALLS
FUNC_1d9a96f0,FUNC_dc42bfc5,CALLS
FUNC_491143f7,FUNC_64cce43c,CALLS
FUNC_491143f7,FUNC_1d9a96f0,CALLS
FUNC_b97da301,FUNC_3da00eb7,CALLS
FUNC_b97da301,FUNC_21b34180,CALLS
FUNC_bdaf2f43,FUNC_36df87ac,CALLS
FUNC_6341dd1c,FUNC_cbf77821,CALLS
FUNC_6341dd1c,FUNC_f30b85a9,CALLS
FUNC_6341dd1c,FUNC_cbf77821,CALLS
FUNC_6341dd1c,FUNC_b474515b,CALLS
FUNC_6341dd1c,FUNC_fc150b19,CALLS
FUNC_95ddfd2c,FUNC_bf2d7193,CALLS
FUNC_95ddfd2c,FUNC_8dd82e29,CALLS
FUNC_95ddfd2c,FUNC_bdaf2f43,CALLS
FUNC_3da00eb7,FUNC_95ddfd2c,CALLS
FUNC_3da00eb7,FUNC_6341dd1c,CALLS
FUNC_3da00eb7,FUNC_fc150b19,CALLS
FUNC_7a602a89,FUNC_195a74df,CALLS
FUNC_7a602a89,FUNC_02a6b28c,CALLS
FUNC_7a602a89,FUNC_57e2c469,CALLS
FUNC_7a602a89,FUNC_02a6b28c,CALLS
FUNC_7a602a89,FUNC_985f6aad,CALLS
FUNC_7a602a89,FUNC_02a6b28c,CALLS
FUNC_42fc3667,FUNC_195a74df,CALLS
FUNC_42fc3667,FUNC_36df87ac,CALLS
FUNC_42fc3667,FUNC_02a6b28c,CALLS
FUNC_42fc3667,FUNC_02a6b28c,CALLS
FUNC_4564f96d,FUNC_7a602a89,CALLS
FUNC_4564f96d,FUNC_52086b2f,CALLS
FUNC_4564f96d,FUNC_42fc3667,CALLS
FUNC_4564f96d,FUNC_52086b2f,CALLS
FUNC_10f0a90c,FUNC_195a74df,CALLS
FUNC_10f0a90c,FUNC_60b1c839,CALLS
FUNC_10f0a90c,FUNC_57e2c469,CALLS
FUNC_10f0a90c,FUNC_60b1c839,CALLS
FUNC_10f0a90c,FUNC_985f6aad,CALLS
FUNC_10f0a90c,FUNC_60b1c839,CALLS
FUNC_304d4a56,FUNC_195a74df,CALLS
FUNC_304d4a56,FUNC_36df87ac,CALLS
FUNC_304d4a56,FUNC_60b1c839,CALLS
FUNC_304d4a56,FUNC_60b1c839,CALLS
FUNC_9ce37716,FUNC_10f0a90c,CALLS
FUNC_9ce37716,FUNC_52086b2f,CALLS
FUNC_9ce37716,FUNC_304d4a56,CALLS
FUNC_9ce37716,FUNC_52086b2f,CALLS
FUNC_9ce37716,FUNC_b474515b,CALLS
FUNC_a877e40b,FUNC_75af534f,CALLS
FUNC_a877e40b,FUNC_21b34180,CALLS
FUNC_1da22415,FUNC_52086b2f,CALLS
FUNC_1da22415,FUNC_52086b2f,CALLS
FUNC_1da22415,FUNC_52086b2f,CALLS
FUNC_1da22415,FUNC_52086b2f,CALLS
FUNC_a00aca9d,FUNC_64eb08ee,CALLS
FUNC_a00aca9d,FUNC_64eb08ee,CALLS
FUNC_11d363fb,FUNC_a00aca9d,CALLS
FUNC_11d363fb,FUNC_52504b21,CALLS
FUNC_11d363fb,FUNC_1da22415,CALLS
FUNC_915d96df,FUNC_11d363fb,CALLS
FUNC_915d96df,FUNC_4803f4ec,CALLS
FUNC_915d96df,FUNC_a7b8373a,CALLS
FUNC_3598060e,FUNC_f13c8062,CALLS
FUNC_3598060e,FUNC_64eb08ee,CALLS
FUNC_3598060e,FUNC_a877e40b,CALLS
FUNC_3598060e,FUNC_52086b2f,CALLS
FUNC_3598060e,FUNC_75af534f,CALLS
FUNC_3598060e,FUNC_b97da301,CALLS
FUNC_3598060e,FUNC_491143f7,CALLS
FUNC_8e0fc6ae,FUNC_b474515b,CALLS
FUNC_a7b8373a,FUNC_8e0fc6ae,CALLS
FUNC_5cc08020,FUNC_52086b2f,CALLS
FUNC_5cc08020,FUNC_3598060e,CALLS
FUNC_5cc08020,FUNC_52086b2f,CALLS
FUNC_5cc08020,FUNC_450a5bc5,CALLS
FUNC_5cc08020,FUNC_915d96df,CALLS
FUNC_7e34e919,FUNC_52086b2f,CALLS
FUNC_7e34e919,FUNC_3598060e,CALLS
FUNC_7e34e919,FUNC_9ce37716,CALLS
FUNC_7e34e919,FUNC_21b34180,CALLS
FUNC_7e34e919,FUNC_450a5bc5,CALLS
FUNC_7e34e919,FUNC_915d96df,CALLS
FUNC_9e04ae41,FUNC_450a5bc5,CALLS
FUNC_9c3f9c79,FUNC_5a7db8e2,CALLS
FUNC_9c3f9c79,FUNC_5a7db8e2,CALLS
FUNC_b88c34b2,FUNC_9c3f9c79,CALLS
FUNC_fe812f85,FUNC_52086b2f,CALLS
FUNC_fe812f85,FUNC_9c3f9c79,CALLS
FUNC_450a5bc5,FUNC_b88c34b2,CALLS
FUNC_450a5bc5,FUNC_fe812f85,CALLS
FUNC_298ecdb2,FUNC_36df87ac,CALLS
FUNC_450a5bc5,FUNC_298ecdb2,CALLS
FUNC_450a5bc5,FUNC_298ecdb2,CALLS
FUNC_9c3f9c79,FUNC_5a7db8e2,CALLS
FUNC_450a5bc5,FUNC_36df87ac,CALLS
FUNC_450a5bc5,FUNC_52086b2f,CALLS
FUNC_450a5bc5,FUNC_52086b2f,CALLS
FUNC_450a5bc5,FUNC_9c3f9c79,CALLS
FUNC_9e04ae41,FUNC_450a5bc5,CALLS
FUNC_4fd69617,FUNC_52086b2f,CALLS
FUNC_4fd69617,FUNC_64eb08ee,CALLS
FUNC_ff5bb9d5,FUNC_52086b2f,CALLS
FUNC_5bbd7538,FUNC_4fd69617,CALLS
FUNC_5bbd7538,FUNC_ac7f8fcc,CALLS
FUNC_5bbd7538,FUNC_ff5bb9d5,CALLS
FUNC_3f3e5455,FUNC_4fd69617,CALLS
FUNC_3f3e5455,FUNC_08cddaf7,CALLS
FUNC_3f3e5455,FUNC_ff5bb9d5,CALLS
FUNC_f8cc64d5,FUNC_b516ace3,CALLS
FUNC_72e7f88e,FUNC_3ab68adf,CALLS
FUNC_72e7f88e,FUNC_b516ace3,CALLS
FUNC_08b7ee03,FUNC_e0ee2ee2,CALLS
FUNC_5cec7b8e,FUNC_e0ee2ee2,CALLS
FUNC_e0ee2ee2,FUNC_5c395d7e,CALLS
FUNC_1d08d5a4,FUNC_5cec7b8e,CALLS
FUNC_94e5b32e,FUNC_5cec7b8e,CALLS
FUNC_ce8a74af,FUNC_5cec7b8e,CALLS
FUNC_a6dfc8e4,FUNC_5cec7b8e,CALLS
FUNC_f4f23cf7,FUNC_5cec7b8e,CALLS
FUNC_da70d9fb,FUNC_5cec7b8e,CALLS
FUNC_be443fa0,FUNC_5cec7b8e,CALLS
FUNC_da6ea192,FUNC_5cec7b8e,CALLS
FUNC_ce09cb94,FUNC_06c7048e,CALLS
FUNC_4a271a09,FUNC_967e38eb,CALLS
FUNC_967e38eb,FUNC_61a066a5,CALLS
FUNC_967e38eb,FUNC_1b1399b0,CALLS
FUNC_967e38eb,FUNC_1b1399b0,CALLS
FUNC_967e38eb,FUNC_1b1399b0,CALLS
FUNC_967e38eb,FUNC_1b1399b0,CALLS
FUNC_967e38eb,FUNC_1b1399b0,CALLS
FUNC_967e38eb,FUNC_1b1399b0,CALLS
FUNC_967e38eb,FUNC_1b1399b0,CALLS
FUNC_967e38eb,FUNC_1b1399b0,CALLS
FUNC_967e38eb,FUNC_1b1399b0,CALLS
FUNC_967e38eb,FUNC_1b1399b0,CALLS
FUNC_967e38eb,FUNC_1b1399b0,CALLS
FUNC_967e38eb,FUNC_1b1399b0,CALLS
FUNC_967e38eb,FUNC_1b1399b0,CALLS
FUNC_967e38eb,FUNC_1b1399b0,CALLS
FUNC_967e38eb,FUNC_1b1399b0,CALLS
FUNC_967e38eb,FUNC_1b1399b0,CALLS
FUNC_967e38eb,FUNC_1b1399b0,CALLS
FUNC_967e38eb,FUNC_1b1399b0,CALLS
FUNC_967e38eb,FUNC_1b1399b0,CALLS
FUNC_967e38eb,FUNC_1b1399b0,CALLS
FUNC_967e38eb,FUNC_1b1399b0,CALLS
FUNC_967e38eb,FUNC_1b1399b0,CALLS
FUNC_967e38eb,FUNC_1b1399b0,CALLS
FUNC_967e38eb,FUNC_1b1399b0,CALLS
FUNC_61a066a5,FUNC_45dc2f2e,CALLS
FUNC_61a066a5,FUNC_45dc2f2e,CALLS
FUNC_aaecd49e,FUNC_21b34180,CALLS
FUNC_aaecd49e,FUNC_21b34180,CALLS
FUNC_465615e4,FUNC_21b34180,CALLS
FUNC_465615e4,FUNC_979c9359,CALLS
FUNC_465615e4,FUNC_21b34180,CALLS
FUNC_72e96e01,FUNC_a576a094,CALLS
FUNC_a576a094,FUNC_6c37d4cd,CALLS
FUNC_a576a094,FUNC_967e38eb,CALLS
FUNC_6c37d4cd,FUNC_52086b2f,CALLS
FUNC_5ca8c71b,FUNC_6c37d4cd,CALLS
FUNC_5ca8c71b,FUNC_52086b2f,CALLS
FUNC_5ca8c71b,FUNC_21b34180,CALLS
FUNC_5ca8c71b,FUNC_21b34180,CALLS
FUNC_af2f1e39,FUNC_60b1c839,CALLS
FUNC_af2f1e39,FUNC_a576a094,CALLS
FUNC_b0eac665,FUNC_02a6b28c,CALLS
FUNC_b0eac665,FUNC_a576a094,CALLS
FUNC_0f862fd4,FUNC_0f862fd4,CALLS
FUNC_0f862fd4,FUNC_a576a094,CALLS
FUNC_22955626,FUNC_22955626,CALLS
FUNC_22955626,FUNC_a576a094,CALLS
FUNC_306702fc,FUNC_306702fc,CALLS
FUNC_306702fc,FUNC_a576a094,CALLS
FUNC_306702fc,FUNC_306702fc,CALLS
FUNC_5e104537,FUNC_5e104537,CALLS
FUNC_5e104537,FUNC_a576a094,CALLS
FUNC_5e104537,FUNC_5e104537,CALLS
FUNC_212217ea,FUNC_212217ea,CALLS
FUNC_212217ea,FUNC_a576a094,CALLS
FUNC_212217ea,FUNC_212217ea,CALLS
FUNC_2c7df306,FUNC_2c7df306,CALLS
FUNC_2c7df306,FUNC_a576a094,CALLS
FUNC_2c7df306,FUNC_2c7df306,CALLS
FUNC_77c0daed,FUNC_77c0daed,CALLS
FUNC_77c0daed,FUNC_a576a094,CALLS
FUNC_0489b7a6,FUNC_0489b7a6,CALLS
FUNC_0489b7a6,FUNC_a576a094,CALLS
FUNC_204e1a7f,FUNC_204e1a7f,CALLS
FUNC_204e1a7f,FUNC_a576a094,CALLS
FUNC_9f1a79b5,FUNC_9f1a79b5,CALLS
FUNC_9f1a79b5,FUNC_a576a094,CALLS
FUNC_5745597b,FUNC_2ba6781b,CALLS
FUNC_f7ac5bf6,FUNC_2ba6781b,CALLS
FUNC_fb9bebd6,FUNC_06c7048e,CALLS
FUNC_fb9bebd6,FUNC_06c7048e,CALLS
FUNC_bf568c9c,FUNC_78056851,CALLS
FUNC_e9bd7432,FUNC_bf568c9c,CALLS
FUNC_e9bd7432,FUNC_fa2cad55,CALLS
FUNC_e9bd7432,FUNC_e063167d,CALLS
FUNC_01ef8eee,FUNC_85fb9ba2,CALLS
FUNC_85fb9ba2,FUNC_e9bd7432,CALLS
FUNC_c3400f8d,FUNC_21b34180,CALLS
FUNC_c3400f8d,FUNC_78056851,CALLS
FUNC_c3400f8d,FUNC_01ef8eee,CALLS
FUNC_c3400f8d,FUNC_d38e89b4,CALLS
FUNC_b5903242,FUNC_21b34180,CALLS
FUNC_ace0e60a,FUNC_21b34180,CALLS
FUNC_1a17fb5a,FUNC_979c9359,CALLS
FUNC_1a17fb5a,FUNC_979c9359,CALLS
FUNC_1b8373b5,FUNC_0f862fd4,CALLS
FUNC_1b8373b5,FUNC_60b1c839,CALLS
FUNC_32253ef3,FUNC_22955626,CALLS
FUNC_32253ef3,FUNC_02a6b28c,CALLS
FUNC_1b8373b5,FUNC_0f862fd4,CALLS
FUNC_1b8373b5,FUNC_60b1c839,CALLS
FUNC_32253ef3,FUNC_22955626,CALLS
FUNC_32253ef3,FUNC_02a6b28c,CALLS
FUNC_6a7f3ea7,FUNC_21b34180,CALLS
FUNC_6a7f3ea7,FUNC_dc42bfc5,CALLS
FUNC_979c9359,FUNC_979c9359,CALLS
FUNC_1b8373b5,FUNC_5d44a1f6,CALLS
FUNC_1b8373b5,FUNC_5941e518,CALLS
FUNC_32253ef3,FUNC_88ec0f87,CALLS
FUNC_32253ef3,FUNC_5941e518,CALLS
FUNC_979c9359,FUNC_979c9359,CALLS
FUNC_1b8373b5,FUNC_e7f66a62,CALLS
FUNC_1b8373b5,FUNC_1da531a3,CALLS
FUNC_1b8373b5,FUNC_5941e518,CALLS
FUNC_32253ef3,FUNC_e7f66a62,CALLS
FUNC_32253ef3,FUNC_1bb632e5,CALLS
FUNC_32253ef3,FUNC_9fd2303a,CALLS
FUNC_e7f66a62,FUNC_0217d4dd,CALLS
FUNC_6a7f3ea7,FUNC_21b34180,CALLS
FUNC_6a7f3ea7,FUNC_dc42bfc5,CALLS
FUNC_0311a39f,FUNC_b474515b,CALLS
FUNC_78056851,FUNC_3bc21f4e,CALLS
FUNC_78056851,FUNC_6d822a6e,CALLS
FUNC_78056851,FUNC_0dad73a5,CALLS
FUNC_3eea6841,FUNC_1da531a3,CALLS
FUNC_3eea6841,FUNC_5941e518,CALLS
FUNC_b14c9f50,FUNC_a41c06be,CALLS
FUNC_b14c9f50,FUNC_dc42bfc5,CALLS
FUNC_9d2f672d,FUNC_52086b2f,CALLS
FUNC_23a38507,FUNC_1a17fb5a,CALLS
FUNC_0626dcab,FUNC_080e2123,CALLS
FUNC_e6fd0054,FUNC_080e2123,CALLS
FUNC_dc72d707,FUNC_64f7a7f2,CALLS
FUNC_dc72d707,FUNC_21b34180,CALLS
FUNC_dc72d707,FUNC_c989b904,CALLS
FUNC_c989b904,FUNC_faa241ac,CALLS
FUNC_c989b904,FUNC_1b8373b5,CALLS
FUNC_c989b904,FUNC_56712c0d,CALLS
FUNC_c989b904,FUNC_affac3df,CALLS
FUNC_c989b904,FUNC_5d44a1f6,CALLS
FUNC_c989b904,FUNC_b0752d90,CALLS
FUNC_b0752d90,FUNC_56712c0d,CALLS
FUNC_b0752d90,FUNC_affac3df,CALLS
FUNC_b0752d90,FUNC_5d44a1f6,CALLS
FUNC_b0752d90,FUNC_affac3df,CALLS
FUNC_b0752d90,FUNC_5d44a1f6,CALLS
FUNC_b0752d90,FUNC_21b34180,CALLS
FUNC_ee483977,FUNC_64f7a7f2,CALLS
FUNC_ee483977,FUNC_788ca2d4,CALLS
FUNC_788ca2d4,FUNC_faa241ac,CALLS
FUNC_788ca2d4,FUNC_32253ef3,CALLS
FUNC_788ca2d4,FUNC_affac3df,CALLS
FUNC_788ca2d4,FUNC_88ec0f87,CALLS
FUNC_788ca2d4,FUNC_c01a20a5,CALLS
FUNC_c01a20a5,FUNC_56712c0d,CALLS
FUNC_c01a20a5,FUNC_affac3df,CALLS
FUNC_c01a20a5,FUNC_88ec0f87,CALLS
FUNC_c01a20a5,FUNC_affac3df,CALLS
FUNC_c01a20a5,FUNC_88ec0f87,CALLS
FUNC_c01a20a5,FUNC_21b34180,CALLS
FUNC_776fff6f,FUNC_faa47c54,CALLS
FUNC_776fff6f,FUNC_dc72d707,CALLS
FUNC_776fff6f,FUNC_0626dcab,CALLS
FUNC_776fff6f,FUNC_1e0f8402,CALLS
FUNC_776fff6f,FUNC_0626dcab,CALLS
FUNC_776fff6f,FUNC_3eea6841,CALLS
FUNC_776fff6f,FUNC_0626dcab,CALLS
FUNC_4ae1a16f,FUNC_faa47c54,CALLS
FUNC_4ae1a16f,FUNC_ee483977,CALLS
FUNC_4ae1a16f,FUNC_e6fd0054,CALLS
FUNC_4ae1a16f,FUNC_1e0f8402,CALLS
FUNC_4ae1a16f,FUNC_e6fd0054,CALLS
FUNC_4ae1a16f,FUNC_3eea6841,CALLS
FUNC_4ae1a16f,FUNC_e6fd0054,CALLS
FUNC_4ae1a16f,FUNC_3eea6841,CALLS
FUNC_4ae1a16f,FUNC_e6fd0054,CALLS
FUNC_5fae83c5,FUNC_52086b2f,CALLS
FUNC_5fae83c5,FUNC_52086b2f,CALLS
FUNC_5fae83c5,FUNC_52086b2f,CALLS
FUNC_5fae83c5,FUNC_52086b2f,CALLS
FUNC_5fae83c5,FUNC_52086b2f,CALLS
FUNC_83bf37b9,FUNC_52086b2f,CALLS
FUNC_83bf37b9,FUNC_52086b2f,CALLS
FUNC_83bf37b9,FUNC_52086b2f,CALLS
FUNC_83bf37b9,FUNC_52086b2f,CALLS
FUNC_83bf37b9,FUNC_52086b2f,CALLS
FUNC_0b6b1c82,FUNC_1210c449,CALLS
FUNC_958f4e55,FUNC_2b4d4fe2,CALLS
FUNC_ed4660f2,FUNC_a548d659,CALLS
FUNC_00d4fb56,FUNC_1210c449,CALLS
FUNC_00d4fb56,FUNC_236e4c33,CALLS
FUNC_00d4fb56,FUNC_faa47c54,CALLS
FUNC_00d4fb56,FUNC_c989b904,CALLS
FUNC_00d4fb56,FUNC_64f7a7f2,CALLS
FUNC_00d4fb56,FUNC_f5f21edd,CALLS
FUNC_00d4fb56,FUNC_07615739,CALLS
FUNC_00d4fb56,FUNC_271368e5,CALLS
FUNC_00d4fb56,FUNC_3be73ada,CALLS
FUNC_927895da,FUNC_1210c449,CALLS
FUNC_927895da,FUNC_236e4c33,CALLS
FUNC_927895da,FUNC_faa47c54,CALLS
FUNC_927895da,FUNC_788ca2d4,CALLS
FUNC_927895da,FUNC_64f7a7f2,CALLS
FUNC_927895da,FUNC_f5f21edd,CALLS
FUNC_927895da,FUNC_85f013fa,CALLS
FUNC_927895da,FUNC_d2a13295,CALLS
FUNC_927895da,FUNC_271368e5,CALLS
FUNC_927895da,FUNC_d2a13295,CALLS
FUNC_07615739,FUNC_0626dcab,CALLS
FUNC_07615739,FUNC_1e0f8402,CALLS
FUNC_07615739,FUNC_0626dcab,CALLS
FUNC_85f013fa,FUNC_e6fd0054,CALLS
FUNC_85f013fa,FUNC_1e0f8402,CALLS
FUNC_85f013fa,FUNC_e6fd0054,CALLS
FUNC_6538c7b3,FUNC_3eea6841,CALLS
FUNC_6538c7b3,FUNC_0626dcab,CALLS
FUNC_d2a13295,FUNC_3eea6841,CALLS
FUNC_d2a13295,FUNC_e6fd0054,CALLS
FUNC_36b33356,FUNC_0626dcab,CALLS
FUNC_36b33356,FUNC_8ab2904f,CALLS
FUNC_36b33356,FUNC_ed4660f2,CALLS
FUNC_64eaccef,FUNC_e6fd0054,CALLS
FUNC_64eaccef,FUNC_8ab2904f,CALLS
FUNC_64eaccef,FUNC_ed4660f2,CALLS
FUNC_1aa9bd67,FUNC_e36bd840,CALLS
FUNC_99b9cc19,FUNC_3a437c1a,CALLS
FUNC_99b9cc19,FUNC_3bc21f4e,CALLS
FUNC_dbc99270,FUNC_78056851,CALLS
FUNC_dbc99270,FUNC_af8f91f2,CALLS
FUNC_c8497d7f,FUNC_21b34180,CALLS
FUNC_c8497d7f,FUNC_36df87ac,CALLS
FUNC_c8497d7f,FUNC_4a76572a,CALLS
FUNC_c8497d7f,FUNC_52086b2f,CALLS
FUNC_3e645e4c,FUNC_21b34180,CALLS
FUNC_af4517a6,FUNC_7f19ca01,CALLS
FUNC_278a23b6,FUNC_979c9359,CALLS
FUNC_72b89900,FUNC_fbe5cadd,CALLS
FUNC_72b89900,FUNC_979c9359,CALLS
FUNC_72b89900,FUNC_60b1c839,CALLS
FUNC_72b89900,FUNC_60b1c839,CALLS
FUNC_72b89900,FUNC_c9b1a35a,CALLS
FUNC_43be3ee2,FUNC_fbe5cadd,CALLS
FUNC_43be3ee2,FUNC_979c9359,CALLS
FUNC_43be3ee2,FUNC_02a6b28c,CALLS
FUNC_43be3ee2,FUNC_c9b1a35a,CALLS
FUNC_c5fd1fe2,FUNC_1b8373b5,CALLS
FUNC_912327fe,FUNC_6d822a6e,CALLS
FUNC_1690e161,FUNC_21b34180,CALLS
FUNC_1690e161,FUNC_fbe5cadd,CALLS
FUNC_83cd0694,FUNC_b474515b,CALLS
FUNC_83cd0694,FUNC_52086b2f,CALLS
FUNC_78676ce4,FUNC_fbe5cadd,CALLS
FUNC_78676ce4,FUNC_979c9359,CALLS
FUNC_78676ce4,FUNC_60b1c839,CALLS
FUNC_78676ce4,FUNC_83cd0694,CALLS
FUNC_f5205b73,FUNC_fbe5cadd,CALLS
FUNC_f5205b73,FUNC_979c9359,CALLS
FUNC_f5205b73,FUNC_02a6b28c,CALLS
FUNC_f5205b73,FUNC_83cd0694,CALLS
FUNC_2848b779,FUNC_6d822a6e,CALLS
FUNC_1ef15a95,FUNC_db92a90d,CALLS
FUNC_1ef15a95,FUNC_52086b2f,CALLS
FUNC_5bd27de2,FUNC_0217d4dd,CALLS
FUNC_1f22f0c8,FUNC_3bc21f4e,CALLS
FUNC_1f22f0c8,FUNC_3a437c1a,CALLS
FUNC_8fb90928,FUNC_3bc21f4e,CALLS
FUNC_8fb90928,FUNC_6d822a6e,CALLS
FUNC_8fb90928,FUNC_0dad73a5,CALLS
FUNC_ace501ae,FUNC_21b34180,CALLS
FUNC_ace501ae,FUNC_5745597b,CALLS
FUNC_d4989f0a,FUNC_db92a90d,CALLS
FUNC_d4989f0a,FUNC_db92a90d,CALLS
FUNC_d4989f0a,FUNC_db92a90d,CALLS
FUNC_1645b40f,FUNC_21b34180,CALLS
FUNC_8b244b3b,FUNC_3bc21f4e,CALLS
FUNC_8b244b3b,FUNC_6d822a6e,CALLS
FUNC_8b244b3b,FUNC_0dad73a5,CALLS
FUNC_f20386d4,FUNC_3a437c1a,CALLS
FUNC_f20386d4,FUNC_3bc21f4e,CALLS
FUNC_e13dd82d,FUNC_78056851,CALLS
FUNC_39f0d6b3,FUNC_db92a90d,CALLS
FUNC_39f0d6b3,FUNC_52086b2f,CALLS
FUNC_39f0d6b3,FUNC_5941e518,CALLS
FUNC_39f0d6b3,FUNC_5941e518,CALLS
FUNC_1126158c,FUNC_944f6454,CALLS
FUNC_799bed90,FUNC_0217d4dd,CALLS
FUNC_1f10bc5a,FUNC_944f6454,CALLS
FUNC_26b8eec6,FUNC_3bc21f4e,CALLS
FUNC_26b8eec6,FUNC_6d822a6e,CALLS
FUNC_26b8eec6,FUNC_0dad73a5,CALLS
FUNC_d5574eaf,FUNC_21b34180,CALLS
FUNC_d5574eaf,FUNC_21b34180,CALLS
FUNC_d5574eaf,FUNC_4a76572a,CALLS
FUNC_31ac2e06,FUNC_3bc21f4e,CALLS
FUNC_31ac2e06,FUNC_3a437c1a,CALLS
FUNC_18a6bd14,FUNC_0dad73a5,CALLS
FUNC_18a6bd14,FUNC_4e81048c,CALLS
FUNC_82a07e10,FUNC_3bc21f4e,CALLS
FUNC_82a07e10,FUNC_0dad73a5,CALLS
FUNC_82a07e10,FUNC_6d822a6e,CALLS
FUNC_a338ba79,FUNC_21b34180,CALLS
FUNC_a338ba79,FUNC_21b34180,CALLS
FUNC_a338ba79,FUNC_8d8c6cc9,CALLS
FUNC_9714ca2e,FUNC_4f155a1c,CALLS
FUNC_3a6b0b75,FUNC_3ab68adf,CALLS
FUNC_a658474c,FUNC_21b34180,CALLS
FUNC_a658474c,FUNC_21b34180,CALLS
FUNC_a658474c,FUNC_5bb063fa,CALLS
FUNC_fea83476,FUNC_10d426a1,CALLS
FUNC_7c5d289c,FUNC_9d5047a9,CALLS
FUNC_7c5d289c,FUNC_fea83476,CALLS
FUNC_b0c912ba,FUNC_52086b2f,CALLS
FUNC_b0c912ba,FUNC_52086b2f,CALLS
FUNC_b0c912ba,FUNC_52086b2f,CALLS
FUNC_b0c912ba,FUNC_236e4c33,CALLS
FUNC_b0c912ba,FUNC_52086b2f,CALLS
FUNC_b0c912ba,FUNC_52086b2f,CALLS
FUNC_b0c912ba,FUNC_ccb2944e,CALLS
FUNC_b0c912ba,FUNC_52086b2f,CALLS
FUNC_b0c912ba,FUNC_52086b2f,CALLS
FUNC_b0c912ba,FUNC_52086b2f,CALLS
FUNC_b0c912ba,FUNC_ab752a03,CALLS
FUNC_b0c912ba,FUNC_52086b2f,CALLS
FUNC_b0c912ba,FUNC_34cf7206,CALLS
FUNC_b0c912ba,FUNC_3cf47adc,CALLS
FUNC_b0c912ba,FUNC_271368e5,CALLS
FUNC_b0c912ba,FUNC_91f138e2,CALLS
FUNC_b0c912ba,FUNC_271368e5,CALLS
FUNC_b0c912ba,FUNC_979c9359,CALLS
FUNC_b0c912ba,FUNC_8ab2904f,CALLS
FUNC_18b5f924,FUNC_f68ba59a,CALLS
FUNC_18b5f924,FUNC_fea83476,CALLS
FUNC_bd685c9e,FUNC_52086b2f,CALLS
FUNC_bd685c9e,FUNC_52086b2f,CALLS
FUNC_bd685c9e,FUNC_52086b2f,CALLS
FUNC_bd685c9e,FUNC_236e4c33,CALLS
FUNC_bd685c9e,FUNC_52086b2f,CALLS
FUNC_bd685c9e,FUNC_52086b2f,CALLS
FUNC_bd685c9e,FUNC_8f8dd2b8,CALLS
FUNC_bd685c9e,FUNC_52086b2f,CALLS
FUNC_bd685c9e,FUNC_52086b2f,CALLS
FUNC_bd685c9e,FUNC_337b80b9,CALLS
FUNC_bd685c9e,FUNC_52086b2f,CALLS
FUNC_bd685c9e,FUNC_55412c21,CALLS
FUNC_bd685c9e,FUNC_549ca8c7,CALLS
FUNC_bd685c9e,FUNC_271368e5,CALLS
FUNC_bd685c9e,FUNC_0c7c3b73,CALLS
FUNC_bd685c9e,FUNC_271368e5,CALLS
FUNC_bd685c9e,FUNC_979c9359,CALLS
FUNC_bd685c9e,FUNC_8ab2904f,CALLS
FUNC_ccb2944e,FUNC_3cf47adc,CALLS
FUNC_ccb2944e,FUNC_dc42bfc5,CALLS
FUNC_91f138e2,FUNC_5c395d7e,CALLS
FUNC_91f138e2,FUNC_5c395d7e,CALLS
FUNC_91f138e2,FUNC_21b34180,CALLS
FUNC_91f138e2,FUNC_979c9359,CALLS
FUNC_8f8dd2b8,FUNC_3cf47adc,CALLS
FUNC_8f8dd2b8,FUNC_dc42bfc5,CALLS
FUNC_0c7c3b73,FUNC_5c395d7e,CALLS
FUNC_0c7c3b73,FUNC_5c395d7e,CALLS
FUNC_0c7c3b73,FUNC_21b34180,CALLS
FUNC_0c7c3b73,FUNC_979c9359,CALLS
FUNC_c9b1a35a,FUNC_b474515b,CALLS
FUNC_c9b1a35a,FUNC_52086b2f,CALLS
FUNC_bcffccd1,FUNC_c9b1a35a,CALLS
FUNC_865b83d8,FUNC_b474515b,CALLS
FUNC_865b83d8,FUNC_52086b2f,CALLS
FUNC_865b83d8,FUNC_52086b2f,CALLS
FUNC_bc048835,FUNC_865b83d8,CALLS
FUNC_191a46af,FUNC_865b83d8,CALLS
FUNC_4f1df640,FUNC_191a46af,CALLS
FUNC_4b6c997f,FUNC_916a654d,CALLS
FUNC_4b6c997f,FUNC_916a654d,CALLS
FUNC_4b6c997f,FUNC_916a654d,CALLS
FUNC_1080f665,FUNC_db92a90d,CALLS
FUNC_1080f665,FUNC_52086b2f,CALLS
FUNC_39d0eda1,FUNC_db92a90d,CALLS
FUNC_39d0eda1,FUNC_db92a90d,CALLS
FUNC_39d0eda1,FUNC_db92a90d,CALLS
FUNC_37f194e1,FUNC_52086b2f,CALLS
FUNC_2936f517,FUNC_2ca91d7a,CALLS
FUNC_2936f517,FUNC_6d822a6e,CALLS
FUNC_380dd7e1,FUNC_26ef4739,CALLS
FUNC_380dd7e1,FUNC_6d822a6e,CALLS
FUNC_380dd7e1,FUNC_d38e89b4,CALLS
FUNC_7cce465b,FUNC_26ef4739,CALLS
FUNC_7cce465b,FUNC_6d822a6e,CALLS
FUNC_7cce465b,FUNC_d38e89b4,CALLS
FUNC_99080627,FUNC_db92a90d,CALLS
FUNC_22dfca05,FUNC_3bc21f4e,CALLS
FUNC_22dfca05,FUNC_3a437c1a,CALLS
FUNC_1a5edf0c,FUNC_3bc21f4e,CALLS
FUNC_1a5edf0c,FUNC_6d822a6e,CALLS
FUNC_1a5edf0c,FUNC_0dad73a5,CALLS
FUNC_d0843786,FUNC_21b34180,CALLS
FUNC_d0843786,FUNC_c0231240,CALLS
FUNC_fbe5cadd,FUNC_d0843786,CALLS
FUNC_232f3bd4,FUNC_21b34180,CALLS
FUNC_232f3bd4,FUNC_cd26ca1f,CALLS
FUNC_5bb063fa,FUNC_0cdd4456,CALLS
FUNC_5bb063fa,FUNC_0cdd4456,CALLS
FUNC_5bb063fa,FUNC_0cdd4456,CALLS
FUNC_0cbfdb4a,FUNC_db92a90d,CALLS
FUNC_12f91baa,FUNC_21b34180,CALLS
FUNC_12f91baa,FUNC_21b34180,CALLS
FUNC_12f91baa,FUNC_4a76572a,CALLS
FUNC_06795449,FUNC_3a437c1a,CALLS
FUNC_06795449,FUNC_3bc21f4e,CALLS
FUNC_01b444a6,FUNC_db92a90d,CALLS
FUNC_06795449,FUNC_3a437c1a,CALLS
FUNC_06795449,FUNC_3bc21f4e,CALLS
FUNC_97ce0334,FUNC_78056851,CALLS
FUNC_97ce0334,FUNC_af8f91f2,CALLS
FUNC_abbd5c55,FUNC_abbd5c55,CALLS
FUNC_ad582242,FUNC_ad582242,CALLS
FUNC_13566954,FUNC_13566954,CALLS
FUNC_826678ca,FUNC_826678ca,CALLS
FUNC_80c307d7,FUNC_80c307d7,CALLS
FUNC_430a4477,FUNC_430a4477,CALLS
FUNC_459cd607,FUNC_459cd607,CALLS
FUNC_8ee2b2bb,FUNC_8ee2b2bb,CALLS
FUNC_28059354,FUNC_b474515b,CALLS
FUNC_a8b68839,FUNC_a3550150,CALLS
FUNC_a8b68839,FUNC_a8b68839,CALLS
FUNC_61a2905e,FUNC_ee7a4a24,CALLS
FUNC_61a2905e,FUNC_a3550150,CALLS
FUNC_6d2c9f77,FUNC_ee7a4a24,CALLS
FUNC_6d2c9f77,FUNC_a8b68839,CALLS
FUNC_6e63cb20,FUNC_ee7a4a24,CALLS
FUNC_6e63cb20,FUNC_a3550150,CALLS
FUNC_bd2ddd72,FUNC_ee7a4a24,CALLS
FUNC_8a572fd3,FUNC_af8f91f2,CALLS
FUNC_17528f75,FUNC_dd2b7277,CALLS
FUNC_17528f75,FUNC_af8f91f2,CALLS
FUNC_a9065a3d,FUNC_b474515b,CALLS
FUNC_0ff3ecc6,FUNC_5c395d7e,CALLS
FUNC_0ff3ecc6,FUNC_450a5bc5,CALLS
FUNC_0ff3ecc6,FUNC_21b34180,CALLS
FUNC_0ff3ecc6,FUNC_21b34180,CALLS
FUNC_0ff3ecc6,FUNC_450a5bc5,CALLS
FUNC_8464e133,FUNC_db92a90d,CALLS
FUNC_8464e133,FUNC_0ff3ecc6,CALLS
FUNC_8464e133,FUNC_5c395d7e,CALLS
FUNC_8464e133,FUNC_5c395d7e,CALLS
FUNC_8464e133,FUNC_5c395d7e,CALLS
FUNC_608ededa,FUNC_4e81048c,CALLS
FUNC_608ededa,FUNC_4e81048c,CALLS
FUNC_7bbcfc96,FUNC_64eb08ee,CALLS
FUNC_7bbcfc96,FUNC_5941e518,CALLS
FUNC_40bcb371,FUNC_5941e518,CALLS
FUNC_40bcb371,FUNC_5d44a1f6,CALLS
FUNC_40bcb371,FUNC_60b1c839,CALLS
FUNC_b8d315b1,FUNC_9fd2303a,CALLS
FUNC_b8d315b1,FUNC_88ec0f87,CALLS
FUNC_b8d315b1,FUNC_02a6b28c,CALLS
FUNC_cc39f908,FUNC_4e81048c,CALLS
FUNC_40bcb371,FUNC_5941e518,CALLS
FUNC_40bcb371,FUNC_5d44a1f6,CALLS
FUNC_40bcb371,FUNC_60b1c839,CALLS
FUNC_b8d315b1,FUNC_9fd2303a,CALLS
FUNC_b8d315b1,FUNC_88ec0f87,CALLS
FUNC_b8d315b1,FUNC_02a6b28c,CALLS
FUNC_cc39f908,FUNC_4e81048c,CALLS
FUNC_ee93b9a6,FUNC_db92a90d,CALLS
FUNC_a1b34073,FUNC_979c9359,CALLS
FUNC_980d20cf,FUNC_5941e518,CALLS
FUNC_980d20cf,FUNC_5d44a1f6,CALLS
FUNC_980d20cf,FUNC_4e81048c,CALLS
FUNC_980d20cf,FUNC_60b1c839,CALLS
FUNC_980d20cf,FUNC_4e81048c,CALLS
FUNC_980d20cf,FUNC_60b1c839,CALLS
FUNC_9fd2303a,FUNC_9fd2303a,CALLS
FUNC_9fd2303a,FUNC_88ec0f87,CALLS
FUNC_9fd2303a,FUNC_4e81048c,CALLS
FUNC_9fd2303a,FUNC_02a6b28c,CALLS
FUNC_9fd2303a,FUNC_4e81048c,CALLS
FUNC_9fd2303a,FUNC_02a6b28c,CALLS
FUNC_50e1ed55,FUNC_4e81048c,CALLS
FUNC_71a2ca56,FUNC_fdc958ba,CALLS
FUNC_0f9c2dd8,FUNC_db92a90d,CALLS
FUNC_f3519802,FUNC_f3519802,CALLS
FUNC_f3519802,FUNC_21b34180,CALLS
FUNC_cbf77821,FUNC_21b34180,CALLS
FUNC_cbf77821,FUNC_944f6454,CALLS
FUNC_f394c33e,FUNC_52086b2f,CALLS
FUNC_f394c33e,FUNC_cbf77821,CALLS
FUNC_ac7f8fcc,FUNC_cf81f485,CALLS
FUNC_ac7f8fcc,FUNC_3fd65067,CALLS
FUNC_08cddaf7,FUNC_cf81f485,CALLS
FUNC_08cddaf7,FUNC_2725a3fe,CALLS
FUNC_bffa328e,FUNC_cf81f485,CALLS
FUNC_bffa328e,FUNC_981126d8,CALLS
FUNC_5b5f88b8,FUNC_cf81f485,CALLS
FUNC_5b5f88b8,FUNC_a56fd9b1,CALLS
FUNC_382cd067,FUNC_cf81f485,CALLS
FUNC_382cd067,FUNC_6f022fce,CALLS
FUNC_811f5991,FUNC_cf81f485,CALLS
FUNC_811f5991,FUNC_a78f2563,CALLS
FUNC_786e5d39,FUNC_823de30a,CALLS
FUNC_ab20a716,FUNC_979c9359,CALLS
FUNC_0cc5a6de,FUNC_21b34180,CALLS
FUNC_87199b9b,FUNC_0cc5a6de,CALLS
FUNC_6f9d3c86,FUNC_87199b9b,CALLS
FUNC_756375cb,FUNC_6f9d3c86,CALLS
FUNC_3f452f79,FUNC_6f9d3c86,CALLS
FUNC_13d25031,FUNC_ff5bb9d5,CALLS
FUNC_be62872d,FUNC_3ab68adf,CALLS
FUNC_be62872d,FUNC_ff5bb9d5,CALLS
FUNC_756375cb,FUNC_6f9d3c86,CALLS
FUNC_3f452f79,FUNC_6f9d3c86,CALLS
FUNC_75ce2785,FUNC_ff5bb9d5,CALLS
FUNC_777dfcc3,FUNC_3ab68adf,CALLS
FUNC_777dfcc3,FUNC_ff5bb9d5,CALLS
FUNC_def42830,FUNC_db92a90d,CALLS
FUNC_def42830,FUNC_5c395d7e,CALLS
FUNC_2b4d4fe2,FUNC_682ee010,CALLS
FUNC_2b4d4fe2,FUNC_52086b2f,CALLS
FUNC_2b4d4fe2,FUNC_2b4d4fe2,CALLS
FUNC_0f2c42df,FUNC_5d44a1f6,CALLS
FUNC_0f2c42df,FUNC_5941e518,CALLS
FUNC_82452bbb,FUNC_88ec0f87,CALLS
FUNC_82452bbb,FUNC_5941e518,CALLS
FUNC_536b2307,FUNC_5aee12f7,CALLS
FUNC_536b2307,FUNC_9e04ae41,CALLS
FUNC_9d7fcd16,FUNC_5aee12f7,CALLS
FUNC_9d7fcd16,FUNC_3ab68adf,CALLS
FUNC_2bd58d3f,FUNC_db92a90d,CALLS
FUNC_39415595,FUNC_2bd58d3f,CALLS
FUNC_66fd182d,FUNC_dc42bfc5,CALLS
FUNC_9919beb4,FUNC_e86833c3,CALLS
FUNC_b906aa67,FUNC_39415595,CALLS
FUNC_cbb7bc02,FUNC_ff5bb9d5,CALLS
FUNC_279c9693,FUNC_3ab68adf,CALLS
FUNC_279c9693,FUNC_ff5bb9d5,CALLS
FUNC_5606d37e,FUNC_dc42bfc5,CALLS
FUNC_66fd182d,FUNC_5606d37e,CALLS
FUNC_9919beb4,FUNC_e86833c3,CALLS
FUNC_b906aa67,FUNC_39415595,CALLS
FUNC_cbb7bc02,FUNC_ff5bb9d5,CALLS
FUNC_279c9693,FUNC_3ab68adf,CALLS
FUNC_279c9693,FUNC_ff5bb9d5,CALLS
FUNC_66fd182d,FUNC_5606d37e,CALLS
FUNC_e5e89387,FUNC_e5e89387,CALLS
FUNC_e5e89387,FUNC_979c9359,CALLS
FUNC_7bf0eb9c,FUNC_db92a90d,CALLS
FUNC_7bf0eb9c,FUNC_21b34180,CALLS
FUNC_7bf0eb9c,FUNC_5c395d7e,CALLS
FUNC_8e67a522,FUNC_dc42bfc5,CALLS
FUNC_8e67a522,FUNC_e5e89387,CALLS
FUNC_5839c99b,FUNC_4fd69617,CALLS
FUNC_5839c99b,FUNC_ff5bb9d5,CALLS
FUNC_28ea7b48,FUNC_4fd69617,CALLS
FUNC_28ea7b48,FUNC_3ab68adf,CALLS
FUNC_28ea7b48,FUNC_ff5bb9d5,CALLS
FUNC_8e67a522,FUNC_dc42bfc5,CALLS
FUNC_8e67a522,FUNC_e5e89387,CALLS
FUNC_b92a8961,FUNC_b92a8961,CALLS
FUNC_b92a8961,FUNC_979c9359,CALLS
FUNC_dafe4c0e,FUNC_db92a90d,CALLS
FUNC_5a559f46,FUNC_dc42bfc5,CALLS
FUNC_5a559f46,FUNC_b92a8961,CALLS
FUNC_30dc0f26,FUNC_4fd69617,CALLS
FUNC_30dc0f26,FUNC_ff5bb9d5,CALLS
FUNC_65941c57,FUNC_4fd69617,CALLS
FUNC_65941c57,FUNC_3ab68adf,CALLS
FUNC_65941c57,FUNC_ff5bb9d5,CALLS
FUNC_5a559f46,FUNC_dc42bfc5,CALLS
FUNC_5a559f46,FUNC_b92a8961,CALLS
FUNC_53399979,FUNC_af8f91f2,CALLS
FUNC_f33a6f49,FUNC_0ab329c2,CALLS
FUNC_f33a6f49,FUNC_0ab329c2,CALLS
FUNC_3ed1f32f,FUNC_af8f91f2,CALLS
FUNC_9d6c9291,FUNC_0ab329c2,CALLS
FUNC_9d6c9291,FUNC_0ab329c2,CALLS
FUNC_9d6c9291,FUNC_68ddbe5e,CALLS
FUNC_fce79309,FUNC_af8f91f2,CALLS
FUNC_fce79309,FUNC_af8f91f2,CALLS
FUNC_0ac37962,FUNC_0ab329c2,CALLS
FUNC_0ac37962,FUNC_0ab329c2,CALLS
FUNC_0ac37962,FUNC_869f95b0,CALLS
FUNC_462eabff,FUNC_db92a90d,CALLS
FUNC_462eabff,FUNC_db92a90d,CALLS
FUNC_462eabff,FUNC_db92a90d,CALLS
FUNC_d798dd88,FUNC_979c9359,CALLS
FUNC_e643bc55,FUNC_dc42bfc5,CALLS
FUNC_d798dd88,FUNC_e5e89387,CALLS
FUNC_ac6b4941,FUNC_e643bc55,CALLS
FUNC_ac6b4941,FUNC_e5e89387,CALLS
FUNC_4ebd890b,FUNC_2be1a327,CALLS
FUNC_4ebd890b,FUNC_ff5bb9d5,CALLS
FUNC_bd656e1d,FUNC_2be1a327,CALLS
FUNC_bd656e1d,FUNC_3ab68adf,CALLS
FUNC_bd656e1d,FUNC_ff5bb9d5,CALLS
FUNC_e643bc55,FUNC_dc42bfc5,CALLS
FUNC_ac6b4941,FUNC_e643bc55,CALLS
FUNC_ac6b4941,FUNC_e5e89387,CALLS
FUNC_7cd79543,FUNC_af8f91f2,CALLS
FUNC_645b763a,FUNC_5c395d7e,CALLS
FUNC_9dfe8682,FUNC_af8f91f2,CALLS
FUNC_8ea72d10,FUNC_5c395d7e,CALLS
FUNC_a6d4db8e,FUNC_52086b2f,CALLS
FUNC_049cb66c,FUNC_96da0365,CALLS
FUNC_049cb66c,FUNC_e209280b,CALLS
FUNC_42898712,FUNC_96da0365,CALLS
FUNC_c5f82739,FUNC_96da0365,CALLS
FUNC_c5f82739,FUNC_e209280b,CALLS
FUNC_1c44fbce,FUNC_96da0365,CALLS
FUNC_1c44fbce,FUNC_e209280b,CALLS
FUNC_479f7dd6,FUNC_96da0365,CALLS
FUNC_479f7dd6,FUNC_e209280b,CALLS
FUNC_665ebe0a,FUNC_0cc5a6de,CALLS
FUNC_665ebe0a,FUNC_96da0365,CALLS
FUNC_665ebe0a,FUNC_e209280b,CALLS
FUNC_665ebe0a,FUNC_87199b9b,CALLS
FUNC_665ebe0a,FUNC_87199b9b,CALLS
FUNC_665ebe0a,FUNC_644612be,CALLS
FUNC_60c532e9,FUNC_d2bb062b,CALLS
FUNC_60c532e9,FUNC_96da0365,CALLS
FUNC_60c532e9,FUNC_e209280b,CALLS
FUNC_60c532e9,FUNC_665ebe0a,CALLS
FUNC_c22a5664,FUNC_375f1216,CALLS
FUNC_c22a5664,FUNC_96da0365,CALLS
FUNC_c22a5664,FUNC_e209280b,CALLS
FUNC_c22a5664,FUNC_665ebe0a,CALLS
FUNC_05601b05,FUNC_ff5bb9d5,CALLS
FUNC_5f8fd4b8,FUNC_3ab68adf,CALLS
FUNC_5f8fd4b8,FUNC_ff5bb9d5,CALLS
FUNC_60c532e9,FUNC_d2bb062b,CALLS
FUNC_60c532e9,FUNC_96da0365,CALLS
FUNC_60c532e9,FUNC_e209280b,CALLS
FUNC_60c532e9,FUNC_665ebe0a,CALLS
FUNC_c22a5664,FUNC_375f1216,CALLS
FUNC_c22a5664,FUNC_96da0365,CALLS
FUNC_c22a5664,FUNC_e209280b,CALLS
FUNC_c22a5664,FUNC_665ebe0a,CALLS
FUNC_5fdbf79e,FUNC_ff5bb9d5,CALLS
FUNC_ca8ed72a,FUNC_3ab68adf,CALLS
FUNC_ca8ed72a,FUNC_ff5bb9d5,CALLS
FUNC_1828bead,FUNC_06c7048e,CALLS
FUNC_1828bead,FUNC_776451a3,CALLS
FUNC_5244753a,FUNC_f92de4a7,CALLS
FUNC_5244753a,FUNC_acb074e1,CALLS
FUNC_7910abf7,FUNC_fa2cad55,CALLS
FUNC_7910abf7,FUNC_e063167d,CALLS
FUNC_42460800,FUNC_fa2cad55,CALLS
FUNC_42460800,FUNC_e063167d,CALLS
FUNC_45dc416a,FUNC_fa2cad55,CALLS
FUNC_45dc416a,FUNC_e063167d,CALLS
FUNC_45dc416a,FUNC_fa2cad55,CALLS
FUNC_45dc416a,FUNC_e063167d,CALLS
FUNC_45dc416a,FUNC_0d793648,CALLS
FUNC_0d793648,FUNC_fa2cad55,CALLS
FUNC_0d793648,FUNC_fa2cad55,CALLS
FUNC_0d793648,FUNC_e063167d,CALLS
FUNC_0d793648,FUNC_e063167d,CALLS
FUNC_0d793648,FUNC_fa2cad55,CALLS
FUNC_0d793648,FUNC_e063167d,CALLS
FUNC_0d793648,FUNC_fa2cad55,CALLS
FUNC_0d793648,FUNC_e063167d,CALLS
FUNC_ead2fd15,FUNC_f92de4a7,CALLS
FUNC_ead2fd15,FUNC_acb074e1,CALLS
FUNC_53046b64,FUNC_fa2cad55,CALLS
FUNC_53046b64,FUNC_e063167d,CALLS
FUNC_53046b64,FUNC_f92de4a7,CALLS
FUNC_53046b64,FUNC_acb074e1,CALLS
FUNC_4e72b2ba,FUNC_fa2cad55,CALLS
FUNC_4e72b2ba,FUNC_e063167d,CALLS
FUNC_5651aa75,FUNC_fa2cad55,CALLS
FUNC_5651aa75,FUNC_e063167d,CALLS
FUNC_5651aa75,FUNC_fa2cad55,CALLS
FUNC_5651aa75,FUNC_e063167d,CALLS
FUNC_f08a061f,FUNC_fa2cad55,CALLS
FUNC_f08a061f,FUNC_e063167d,CALLS
FUNC_3a7d6238,FUNC_fa2cad55,CALLS
FUNC_3a7d6238,FUNC_e063167d,CALLS
FUNC_3dad461e,FUNC_fa2cad55,CALLS
FUNC_3dad461e,FUNC_e063167d,CALLS
FUNC_d564508f,FUNC_fa2cad55,CALLS
FUNC_d564508f,FUNC_e063167d,CALLS
FUNC_21bce907,FUNC_fa2cad55,CALLS
FUNC_21bce907,FUNC_e063167d,CALLS
FUNC_cea781f9,FUNC_fa2cad55,CALLS
FUNC_cea781f9,FUNC_fa2cad55,CALLS
FUNC_a864255e,FUNC_fa2cad55,CALLS
FUNC_a864255e,FUNC_e063167d,CALLS
FUNC_a864255e,FUNC_fa2cad55,CALLS
FUNC_a864255e,FUNC_e063167d,CALLS
FUNC_c26a22be,FUNC_fa2cad55,CALLS
FUNC_c26a22be,FUNC_e063167d,CALLS
FUNC_e063167d,FUNC_f453b952,CALLS
FUNC_f453b952,FUNC_fa2cad55,CALLS
FUNC_f14d82f9,FUNC_60b1c839,CALLS
FUNC_1377feb6,FUNC_fbf57573,CALLS
FUNC_1377feb6,FUNC_fbf57573,CALLS
FUNC_f87905b3,FUNC_86064c0a,CALLS
FUNC_f87905b3,FUNC_fbf57573,CALLS
FUNC_5e6f33a7,FUNC_58918b63,CALLS
FUNC_5e6f33a7,FUNC_4044770f,CALLS
FUNC_58918b63,FUNC_d1bb23cb,CALLS
FUNC_58918b63,FUNC_306702fc,CALLS
FUNC_1f566221,FUNC_671e704d,CALLS
FUNC_1f566221,FUNC_5e104537,CALLS
FUNC_d1bb23cb,FUNC_c0e3b66a,CALLS
FUNC_671e704d,FUNC_c0e3b66a,CALLS
FUNC_e86833c3,FUNC_236e4c33,CALLS
FUNC_e86833c3,FUNC_58918b63,CALLS
FUNC_e86833c3,FUNC_271368e5,CALLS
FUNC_e86833c3,FUNC_4044770f,CALLS
FUNC_e86833c3,FUNC_8ab2904f,CALLS
FUNC_00dcb3ad,FUNC_236e4c33,CALLS
FUNC_00dcb3ad,FUNC_1f566221,CALLS
FUNC_00dcb3ad,FUNC_271368e5,CALLS
FUNC_00dcb3ad,FUNC_4044770f,CALLS
FUNC_00dcb3ad,FUNC_8ab2904f,CALLS
FUNC_4044770f,FUNC_bcffccd1,CALLS
FUNC_83c35acc,FUNC_1f566221,CALLS
FUNC_83c35acc,FUNC_4044770f,CALLS
FUNC_1bb632e5,FUNC_3ab68adf,CALLS
FUNC_1766aba5,FUNC_1da531a3,CALLS
FUNC_1766aba5,FUNC_5941e518,CALLS
FUNC_b96099c1,FUNC_1bb632e5,CALLS
FUNC_b96099c1,FUNC_5941e518,CALLS
FUNC_e8cbab4e,FUNC_e86833c3,CALLS
FUNC_e8cbab4e,FUNC_fa1c5315,CALLS
FUNC_fa1c5315,FUNC_5941e518,CALLS
FUNC_e3de05df,FUNC_00dcb3ad,CALLS
FUNC_e3de05df,FUNC_fa1c5315,CALLS
FUNC_ef245e95,FUNC_d23c4fe9,CALLS
FUNC_ef245e95,FUNC_065f4520,CALLS
FUNC_065f4520,FUNC_065f4520,CALLS
FUNC_065f4520,FUNC_065f4520,CALLS
FUNC_065f4520,FUNC_065f4520,CALLS
FUNC_065f4520,FUNC_b474515b,CALLS
FUNC_7bc32d39,FUNC_5d44a1f6,CALLS
FUNC_d1d223b8,FUNC_dc42bfc5,CALLS
FUNC_d1d223b8,FUNC_dc42bfc5,CALLS
FUNC_d1d223b8,FUNC_dc42bfc5,CALLS
FUNC_d1d223b8,FUNC_dc42bfc5,CALLS
FUNC_d1d223b8,FUNC_dc42bfc5,CALLS
FUNC_d1d223b8,FUNC_dc42bfc5,CALLS
FUNC_d1d223b8,FUNC_dc42bfc5,CALLS
FUNC_d1d223b8,FUNC_52086b2f,CALLS
FUNC_d1d223b8,FUNC_dc42bfc5,CALLS
FUNC_2f4c37bf,FUNC_64eb08ee,CALLS
FUNC_67cd24f9,FUNC_3ab68adf,CALLS
FUNC_67cd24f9,FUNC_64eb08ee,CALLS
FUNC_2f4c37bf,FUNC_5d44a1f6,CALLS
FUNC_2f4c37bf,FUNC_c0e3b66a,CALLS
FUNC_67cd24f9,FUNC_88ec0f87,CALLS
FUNC_67cd24f9,FUNC_c0e3b66a,CALLS
FUNC_b6115a71,FUNC_91203b10,CALLS
FUNC_77190aaf,FUNC_5ca8c71b,CALLS
FUNC_77190aaf,FUNC_5ca8c71b,CALLS
FUNC_748c1838,FUNC_5ca8c71b,CALLS
FUNC_748c1838,FUNC_52086b2f,CALLS
FUNC_0238b523,FUNC_52086b2f,CALLS
FUNC_0238b523,FUNC_52086b2f,CALLS
FUNC_0238b523,FUNC_52086b2f,CALLS
FUNC_0238b523,FUNC_52086b2f,CALLS
FUNC_0238b523,FUNC_52086b2f,CALLS
FUNC_0238b523,FUNC_52086b2f,CALLS
FUNC_0238b523,FUNC_52086b2f,CALLS
FUNC_0238b523,FUNC_2b4d4fe2,CALLS
FUNC_0238b523,FUNC_52086b2f,CALLS
FUNC_0238b523,FUNC_236e4c33,CALLS
FUNC_0238b523,FUNC_8d599e32,CALLS
FUNC_0238b523,FUNC_22c54afc,CALLS
FUNC_0238b523,FUNC_22c54afc,CALLS
FUNC_0238b523,FUNC_a548d659,CALLS
FUNC_0238b523,FUNC_271368e5,CALLS
FUNC_0238b523,FUNC_8ab2904f,CALLS
FUNC_accd4112,FUNC_52086b2f,CALLS
FUNC_accd4112,FUNC_52086b2f,CALLS
FUNC_accd4112,FUNC_52086b2f,CALLS
FUNC_accd4112,FUNC_52086b2f,CALLS
FUNC_accd4112,FUNC_52086b2f,CALLS
FUNC_accd4112,FUNC_52086b2f,CALLS
FUNC_accd4112,FUNC_52086b2f,CALLS
FUNC_accd4112,FUNC_f74f7949,CALLS
FUNC_accd4112,FUNC_52086b2f,CALLS
FUNC_accd4112,FUNC_236e4c33,CALLS
FUNC_accd4112,FUNC_8d599e32,CALLS
FUNC_accd4112,FUNC_86064c0a,CALLS
FUNC_accd4112,FUNC_86064c0a,CALLS
FUNC_accd4112,FUNC_9664b8c9,CALLS
FUNC_accd4112,FUNC_271368e5,CALLS
FUNC_accd4112,FUNC_8ab2904f,CALLS
FUNC_a1b0f80d,FUNC_52086b2f,CALLS
FUNC_a1b0f80d,FUNC_52086b2f,CALLS
FUNC_3eedcd41,FUNC_6dfe5232,CALLS
FUNC_8d599e32,FUNC_dc42bfc5,CALLS
FUNC_8d599e32,FUNC_dc42bfc5,CALLS
FUNC_f95e6607,FUNC_dc42bfc5,CALLS
FUNC_b2c9e226,FUNC_60b1c839,CALLS
FUNC_3ab68adf,FUNC_02a6b28c,CALLS
FUNC_a548d659,FUNC_f95e6607,CALLS
FUNC_a548d659,FUNC_f15afe54,CALLS
FUNC_9664b8c9,FUNC_f95e6607,CALLS
FUNC_9664b8c9,FUNC_cca08941,CALLS
FUNC_a4def7b3,FUNC_dc42bfc5,CALLS
FUNC_a4def7b3,FUNC_36df87ac,CALLS
FUNC_a4def7b3,FUNC_33f32ae9,CALLS
FUNC_a4def7b3,FUNC_979c9359,CALLS
FUNC_f74f7949,FUNC_dc42bfc5,CALLS
FUNC_f74f7949,FUNC_36df87ac,CALLS
FUNC_f74f7949,FUNC_e357b584,CALLS
FUNC_f74f7949,FUNC_979c9359,CALLS
FUNC_88ec0f87,FUNC_3ab68adf,CALLS
FUNC_88ec0f87,FUNC_3ab68adf,CALLS
FUNC_869d88c4,FUNC_7fecd38d,CALLS
FUNC_9eb25746,FUNC_d2bb062b,CALLS
FUNC_31cd7d44,FUNC_21b34180,CALLS
FUNC_c20226ab,FUNC_60b1c839,CALLS
FUNC_c20226ab,FUNC_d2bb062b,CALLS
FUNC_c20226ab,FUNC_31cd7d44,CALLS
FUNC_2840b78c,FUNC_60b1c839,CALLS
FUNC_db108751,FUNC_21b34180,CALLS
FUNC_23130ba0,FUNC_0a61c71b,CALLS
FUNC_5fb7edcd,FUNC_0a61c71b,CALLS
FUNC_5fb7edcd,FUNC_0a61c71b,CALLS
FUNC_5b15eaea,FUNC_0a61c71b,CALLS
FUNC_5b15eaea,FUNC_0a61c71b,CALLS
FUNC_a8a7d1bd,FUNC_db92a90d,CALLS
FUNC_6e02ccd4,FUNC_db92a90d,CALLS
FUNC_5b9c1b6d,FUNC_c0e3b66a,CALLS
FUNC_5b9c1b6d,FUNC_48945e20,CALLS
FUNC_5b9c1b6d,FUNC_a8a7d1bd,CALLS
FUNC_5b9c1b6d,FUNC_60b1c839,CALLS
FUNC_5b9c1b6d,FUNC_c0e3b66a,CALLS
FUNC_5b9c1b6d,FUNC_6e02ccd4,CALLS
FUNC_5b9c1b6d,FUNC_c0e3b66a,CALLS
FUNC_5b9c1b6d,FUNC_c0e3b66a,CALLS
FUNC_5b9c1b6d,FUNC_c0e3b66a,CALLS
FUNC_5b9c1b6d,FUNC_60b1c839,CALLS
FUNC_5b9c1b6d,FUNC_c0e3b66a,CALLS
FUNC_0892afb5,FUNC_37219bba,CALLS
FUNC_dbbc2a3a,FUNC_0892afb5,CALLS
FUNC_800d14f1,FUNC_36df87ac,CALLS
FUNC_c74cd43f,FUNC_800d14f1,CALLS
FUNC_c74cd43f,FUNC_36df87ac,CALLS
FUNC_c74cd43f,FUNC_21b34180,CALLS
FUNC_1e51442d,FUNC_07b0a5cc,CALLS
FUNC_1e51442d,FUNC_64eb08ee,CALLS
FUNC_1e51442d,FUNC_64eb08ee,CALLS
FUNC_167e5315,FUNC_c0e3b66a,CALLS
FUNC_167e5315,FUNC_52086b2f,CALLS
FUNC_a8a8c286,FUNC_c74cd43f,CALLS
FUNC_ffbe64ca,FUNC_0d5e0875,CALLS
FUNC_e9929cf8,FUNC_ffbe64ca,CALLS
FUNC_e9929cf8,FUNC_37219bba,CALLS
FUNC_32feca2e,FUNC_38d90bf6,CALLS
FUNC_32feca2e,FUNC_52086b2f,CALLS
FUNC_32feca2e,FUNC_ffbe64ca,CALLS
FUNC_32feca2e,FUNC_37219bba,CALLS
FUNC_38d90bf6,FUNC_38d90bf6,CALLS
FUNC_38d90bf6,FUNC_52086b2f,CALLS
FUNC_38d90bf6,FUNC_64eb08ee,CALLS
FUNC_38d90bf6,FUNC_38d90bf6,CALLS
FUNC_0d5e0875,FUNC_52086b2f,CALLS
FUNC_df68f1f3,FUNC_db92a90d,CALLS
FUNC_df68f1f3,FUNC_db92a90d,CALLS
FUNC_d083d96c,FUNC_df68f1f3,CALLS
FUNC_82ff93da,FUNC_b474515b,CALLS
FUNC_82ff93da,FUNC_f7ac5bf6,CALLS
FUNC_6b7f1000,FUNC_37219bba,CALLS
FUNC_671fdded,FUNC_0d5e0875,CALLS
FUNC_75dc1385,FUNC_671fdded,CALLS
FUNC_75dc1385,FUNC_37219bba,CALLS
FUNC_f79fc508,FUNC_671fdded,CALLS
FUNC_f79fc508,FUNC_37219bba,CALLS
FUNC_aee21e5e,FUNC_b666a9d1,CALLS
FUNC_a529dc73,FUNC_aee21e5e,CALLS
FUNC_0623b66d,FUNC_21b34180,CALLS
FUNC_0623b66d,FUNC_52086b2f,CALLS
FUNC_ba3d5c03,FUNC_b666a9d1,CALLS
FUNC_464e5a9b,FUNC_52086b2f,CALLS
FUNC_464e5a9b,FUNC_dc42bfc5,CALLS
FUNC_464e5a9b,FUNC_eb34f3ae,CALLS
FUNC_464e5a9b,FUNC_f30f47d3,CALLS
FUNC_464e5a9b,FUNC_12a62d99,CALLS
FUNC_eb34f3ae,FUNC_61d12f0f,CALLS
FUNC_f30f47d3,FUNC_ba3d5c03,CALLS
FUNC_9a967817,FUNC_0a61c71b,CALLS
FUNC_051a9c2f,FUNC_d3bf1e92,CALLS
FUNC_ed558c87,FUNC_59231f40,CALLS
FUNC_ed558c87,FUNC_59231f40,CALLS
FUNC_ed558c87,FUNC_5d44a1f6,CALLS
FUNC_aebb586d,FUNC_ecefcb62,CALLS
FUNC_aebb586d,FUNC_ecefcb62,CALLS
FUNC_aebb586d,FUNC_88ec0f87,CALLS
FUNC_59231f40,FUNC_60b1c839,CALLS
FUNC_ecefcb62,FUNC_02a6b28c,CALLS
FUNC_59231f40,FUNC_95c61420,CALLS
FUNC_91a4b9e9,FUNC_ef245e95,CALLS
FUNC_dc655157,FUNC_95c61420,CALLS
FUNC_dc655157,FUNC_91a4b9e9,CALLS
FUNC_8f898fbe,FUNC_ef245e95,CALLS
FUNC_b24cf6d2,FUNC_60b1c839,CALLS
FUNC_b24cf6d2,FUNC_91a4b9e9,CALLS
FUNC_6b51b421,FUNC_02a6b28c,CALLS
FUNC_6b51b421,FUNC_91a4b9e9,CALLS
FUNC_fd3b612d,FUNC_c32bf4e1,CALLS
FUNC_f8cf0e4c,FUNC_db92a90d,CALLS
FUNC_70c48389,FUNC_59231f40,CALLS
FUNC_70c48389,FUNC_59231f40,CALLS
FUNC_70c48389,FUNC_5d44a1f6,CALLS
FUNC_70c48389,FUNC_f8cf0e4c,CALLS
FUNC_1956cf89,FUNC_ecefcb62,CALLS
FUNC_1956cf89,FUNC_ecefcb62,CALLS
FUNC_1956cf89,FUNC_88ec0f87,CALLS
FUNC_1956cf89,FUNC_f8cf0e4c,CALLS
FUNC_960caf27,FUNC_0a61c71b,CALLS
FUNC_e2b07c73,FUNC_58918b63,CALLS
FUNC_d6b805ae,FUNC_21b34180,CALLS
FUNC_5cff596a,FUNC_5d44a1f6,CALLS
FUNC_5cff596a,FUNC_c0e3b66a,CALLS
FUNC_5cff596a,FUNC_5d44a1f6,CALLS
FUNC_5cff596a,FUNC_64c6ddbc,CALLS
FUNC_5cff596a,FUNC_5d44a1f6,CALLS
FUNC_5cff596a,FUNC_c0e3b66a,CALLS
FUNC_5cff596a,FUNC_c0e3b66a,CALLS
FUNC_5cff596a,FUNC_c0e3b66a,CALLS
FUNC_ddbb9250,FUNC_60b1c839,CALLS
FUNC_d8705eec,FUNC_0884298b,CALLS
FUNC_71ba881a,FUNC_9919beb4,CALLS
FUNC_71ba881a,FUNC_9919beb4,CALLS
FUNC_e9c22303,FUNC_9919beb4,CALLS
FUNC_e9c22303,FUNC_52086b2f,CALLS
FUNC_e9c22303,FUNC_5c395d7e,CALLS
FUNC_e9c22303,FUNC_e9c22303,CALLS
FUNC_b474515b,FUNC_e9c22303,CALLS
FUNC_b474515b,FUNC_b474515b,CALLS
FUNC_40df7b32,FUNC_9919beb4,CALLS
FUNC_40df7b32,FUNC_9919beb4,CALLS
FUNC_40df7b32,FUNC_9919beb4,CALLS
FUNC_40df7b32,FUNC_9919beb4,CALLS
FUNC_40df7b32,FUNC_9919beb4,CALLS
FUNC_40df7b32,FUNC_dc42bfc5,CALLS
FUNC_9801fd4c,FUNC_36df87ac,CALLS
FUNC_422f0cf3,FUNC_422f0cf3,CALLS
FUNC_40df7b32,FUNC_422f0cf3,CALLS
FUNC_40df7b32,FUNC_422f0cf3,CALLS
FUNC_40df7b32,FUNC_9801fd4c,CALLS
FUNC_40df7b32,FUNC_52086b2f,CALLS
FUNC_40df7b32,FUNC_5c395d7e,CALLS
FUNC_40df7b32,FUNC_5c395d7e,CALLS
FUNC_40df7b32,FUNC_5c395d7e,CALLS
FUNC_40df7b32,FUNC_5c395d7e,CALLS
FUNC_40df7b32,FUNC_52086b2f,CALLS
FUNC_40df7b32,FUNC_52086b2f,CALLS
FUNC_40df7b32,FUNC_52086b2f,CALLS
FUNC_40df7b32,FUNC_52086b2f,CALLS
FUNC_40df7b32,FUNC_52086b2f,CALLS
FUNC_40df7b32,FUNC_52086b2f,CALLS
FUNC_40df7b32,FUNC_52086b2f,CALLS
FUNC_40df7b32,FUNC_52086b2f,CALLS
FUNC_40df7b32,FUNC_e7d8a560,CALLS
FUNC_14b4fdd8,FUNC_ab54b1d0,CALLS
FUNC_14b4fdd8,FUNC_ab54b1d0,CALLS
FUNC_505e2ab8,FUNC_dc42bfc5,CALLS
FUNC_f414e672,FUNC_dc42bfc5,CALLS
FUNC_c1924a04,FUNC_1da531a3,CALLS
FUNC_c1924a04,FUNC_c0e3b66a,CALLS
FUNC_c1924a04,FUNC_14b4fdd8,CALLS
FUNC_c1924a04,FUNC_52086b2f,CALLS
FUNC_c1924a04,FUNC_c0e3b66a,CALLS
FUNC_c1924a04,FUNC_1da531a3,CALLS
FUNC_0987eacc,FUNC_1bb632e5,CALLS
FUNC_0987eacc,FUNC_c0e3b66a,CALLS
FUNC_0987eacc,FUNC_14b4fdd8,CALLS
FUNC_0987eacc,FUNC_c0e3b66a,CALLS
FUNC_0987eacc,FUNC_1bb632e5,CALLS
FUNC_8c365609,FUNC_a3539b0d,CALLS
FUNC_8c365609,FUNC_52086b2f,CALLS
FUNC_8c365609,FUNC_52086b2f,CALLS
FUNC_8c365609,FUNC_52086b2f,CALLS
FUNC_8c365609,FUNC_52086b2f,CALLS
FUNC_bb181150,FUNC_a3539b0d,CALLS
FUNC_5a9fdba5,FUNC_52086b2f,CALLS
FUNC_9236aee0,FUNC_9919beb4,CALLS
FUNC_bd6f80ea,FUNC_c0e3b66a,CALLS
FUNC_bd6f80ea,FUNC_db92a90d,CALLS
FUNC_bd6f80ea,FUNC_9236aee0,CALLS
FUNC_bd6f80ea,FUNC_c0e3b66a,CALLS
FUNC_bd6f80ea,FUNC_c0e3b66a,CALLS
FUNC_c222435d,FUNC_c0e3b66a,CALLS
FUNC_c222435d,FUNC_db92a90d,CALLS
FUNC_c222435d,FUNC_9236aee0,CALLS
FUNC_c222435d,FUNC_c0e3b66a,CALLS
FUNC_c222435d,FUNC_c0e3b66a,CALLS
FUNC_61e9fc61,FUNC_c0e3b66a,CALLS
FUNC_61e9fc61,FUNC_1da531a3,CALLS
FUNC_61e9fc61,FUNC_bd6f80ea,CALLS
FUNC_0d42bd1f,FUNC_c0e3b66a,CALLS
FUNC_0d42bd1f,FUNC_1bb632e5,CALLS
FUNC_0d42bd1f,FUNC_c222435d,CALLS
FUNC_e1ea25c3,FUNC_e93e30f8,CALLS
FUNC_e1ea25c3,FUNC_5ca8c71b,CALLS
FUNC_e1ea25c3,FUNC_5ca8c71b,CALLS
FUNC_bc86e30b,FUNC_3e3fed3e,CALLS
FUNC_bc86e30b,FUNC_ef245e95,CALLS
FUNC_c3a2b0ab,FUNC_3e3fed3e,CALLS
FUNC_c3a2b0ab,FUNC_1da531a3,CALLS
FUNC_dcd1607b,FUNC_3e3fed3e,CALLS
FUNC_dcd1607b,FUNC_1bb632e5,CALLS
FUNC_b3e44e0d,FUNC_49fb1599,CALLS
FUNC_b3e44e0d,FUNC_c3a2b0ab,CALLS
FUNC_eb2e7238,FUNC_a6ba951d,CALLS
FUNC_eb2e7238,FUNC_dcd1607b,CALLS
FUNC_513a7ffa,FUNC_5d44a1f6,CALLS
FUNC_49fb1599,FUNC_a486e0c2,CALLS
FUNC_49fb1599,FUNC_b08b649e,CALLS
FUNC_513a7ffa,FUNC_88ec0f87,CALLS
FUNC_a6ba951d,FUNC_a486e0c2,CALLS
FUNC_a6ba951d,FUNC_79ee7807,CALLS
FUNC_529cef03,FUNC_0dc4ff62,CALLS
FUNC_529cef03,FUNC_1da531a3,CALLS
FUNC_529cef03,FUNC_accaf795,CALLS
FUNC_529cef03,FUNC_1da531a3,CALLS
FUNC_529cef03,FUNC_a76829f1,CALLS
FUNC_9c57f012,FUNC_0dc4ff62,CALLS
FUNC_9c57f012,FUNC_1bb632e5,CALLS
FUNC_9c57f012,FUNC_accaf795,CALLS
FUNC_9c57f012,FUNC_1bb632e5,CALLS
FUNC_9c57f012,FUNC_a76829f1,CALLS
FUNC_0dc4ff62,FUNC_64eb08ee,CALLS
FUNC_eed8df70,FUNC_94ee9112,CALLS
FUNC_e61b07fb,FUNC_52086b2f,CALLS
FUNC_4921ac95,FUNC_b474515b,CALLS
FUNC_1691f516,FUNC_b474515b,CALLS
FUNC_382d5b89,FUNC_e86833c3,CALLS
FUNC_382d5b89,FUNC_c3a2b0ab,CALLS
FUNC_9f2f768c,FUNC_00dcb3ad,CALLS
FUNC_9f2f768c,FUNC_dcd1607b,CALLS
FUNC_10eb6688,FUNC_64eb08ee,CALLS
FUNC_cbfb069d,FUNC_e8cbab4e,CALLS
FUNC_cbfb069d,FUNC_f6d1aecd,CALLS
FUNC_5dee19be,FUNC_e3de05df,CALLS
FUNC_5dee19be,FUNC_f6d1aecd,CALLS
FUNC_f6d1aecd,FUNC_5c395d7e,CALLS
FUNC_2e7f5fd5,FUNC_c3a2b0ab,CALLS
FUNC_a4038b08,FUNC_dcd1607b,CALLS
FUNC_672d855b,FUNC_94ee9112,CALLS
FUNC_0ee518cc,FUNC_af8f91f2,CALLS
FUNC_b518246f,FUNC_04d2be00,CALLS
FUNC_04d2be00,FUNC_dc42bfc5,CALLS
FUNC_04d2be00,FUNC_dc42bfc5,CALLS
FUNC_04d2be00,FUNC_21b34180,CALLS
FUNC_04d2be00,FUNC_21b34180,CALLS
FUNC_21b34180,FUNC_21b34180,CALLS
FUNC_5c395d7e,FUNC_5c395d7e,CALLS
FUNC_644612be,FUNC_644612be,CALLS
FUNC_672cedee,FUNC_02e28689,CALLS
FUNC_672cedee,FUNC_52086b2f,CALLS
FUNC_02e28689,FUNC_5941e518,CALLS
FUNC_02e28689,FUNC_707bc9f3,CALLS
FUNC_02e28689,FUNC_7cb6ad46,CALLS
FUNC_c0d41860,FUNC_707bc9f3,CALLS
FUNC_7cb6ad46,FUNC_7cb6ad46,CALLS
FUNC_60d07c5a,FUNC_979c9359,CALLS
FUNC_d39f73b7,FUNC_60d07c5a,CALLS
FUNC_d39f73b7,FUNC_e36e7b33,CALLS
FUNC_d39f73b7,FUNC_21b34180,CALLS
FUNC_8488dc4a,FUNC_d39f73b7,CALLS
FUNC_8488dc4a,FUNC_c0d41860,CALLS
FUNC_611feb4d,FUNC_d39f73b7,CALLS
FUNC_611feb4d,FUNC_c0d41860,CALLS
FUNC_78fd5ca8,FUNC_52086b2f,CALLS
FUNC_78fd5ca8,FUNC_b474515b,CALLS
FUNC_ee79ea56,FUNC_5d44a1f6,CALLS
FUNC_ee79ea56,FUNC_59231f40,CALLS
FUNC_ee79ea56,FUNC_59231f40,CALLS
FUNC_ee79ea56,FUNC_5d44a1f6,CALLS
FUNC_c6451d0f,FUNC_88ec0f87,CALLS
FUNC_c6451d0f,FUNC_ecefcb62,CALLS
FUNC_c6451d0f,FUNC_ecefcb62,CALLS
FUNC_c6451d0f,FUNC_88ec0f87,CALLS
FUNC_5f9284d9,FUNC_1a17fb5a,CALLS
FUNC_a08ebc12,FUNC_ef245e95,CALLS
FUNC_5950417b,FUNC_60b1c839,CALLS
FUNC_5950417b,FUNC_91a4b9e9,CALLS
FUNC_1d64d89d,FUNC_02a6b28c,CALLS
FUNC_1d64d89d,FUNC_91a4b9e9,CALLS
FUNC_bcb6c4df,FUNC_d3bf1e92,CALLS
FUNC_5950417b,FUNC_52086b2f,CALLS
FUNC_5950417b,FUNC_95c61420,CALLS
FUNC_bcb6c4df,FUNC_d3bf1e92,CALLS
FUNC_e8624420,FUNC_c2d29962,CALLS
FUNC_e8624420,FUNC_52086b2f,CALLS
FUNC_e8624420,FUNC_52086b2f,CALLS
FUNC_e8624420,FUNC_52086b2f,CALLS
FUNC_e8624420,FUNC_52086b2f,CALLS
FUNC_e8624420,FUNC_52086b2f,CALLS
FUNC_8be4ec42,FUNC_c2d29962,CALLS
FUNC_eb1fdab7,FUNC_db92a90d,CALLS
FUNC_ee83d5ba,FUNC_60b1c839,CALLS
FUNC_ee83d5ba,FUNC_60b1c839,CALLS
FUNC_ee83d5ba,FUNC_5941e518,CALLS
FUNC_0c91599a,FUNC_e86833c3,CALLS
FUNC_0c91599a,FUNC_306702fc,CALLS
FUNC_0c91599a,FUNC_c0e3b66a,CALLS
FUNC_0c91599a,FUNC_ee83d5ba,CALLS
FUNC_6c092824,FUNC_c0e3b66a,CALLS
FUNC_6c092824,FUNC_b74cf15b,CALLS
FUNC_6c092824,FUNC_60b1c839,CALLS
FUNC_6c092824,FUNC_eb1fdab7,CALLS
FUNC_6c092824,FUNC_5941e518,CALLS
FUNC_6c092824,FUNC_0c91599a,CALLS
FUNC_220a9638,FUNC_b474515b,CALLS
FUNC_13ab420e,FUNC_dc42bfc5,CALLS
FUNC_13ab420e,FUNC_dc42bfc5,CALLS
FUNC_7061be1b,FUNC_944f6454,CALLS
FUNC_ab511de0,FUNC_f95e6607,CALLS
FUNC_59604738,FUNC_1da531a3,CALLS
FUNC_59604738,FUNC_5941e518,CALLS
FUNC_4cc5d016,FUNC_b96099c1,CALLS
FUNC_111a6408,FUNC_95c61420,CALLS
FUNC_da3da5c1,FUNC_fbbb97d6,CALLS
FUNC_6bed1b63,FUNC_ca3fd39a,CALLS
FUNC_602a3c41,FUNC_944f6454,CALLS
FUNC_602a3c41,FUNC_52086b2f,CALLS
FUNC_602a3c41,FUNC_944f6454,CALLS
FUNC_602a3c41,FUNC_944f6454,CALLS
FUNC_ebbe95f7,FUNC_3ab68adf,CALLS
FUNC_63dfd046,FUNC_e04074fd,CALLS
FUNC_63dfd046,FUNC_c0e3b66a,CALLS
FUNC_36ae9c38,FUNC_ebbe95f7,CALLS
FUNC_36ae9c38,FUNC_c0e3b66a,CALLS
FUNC_36ae9c38,FUNC_3ab68adf,CALLS
FUNC_36ae9c38,FUNC_3ab68adf,CALLS
FUNC_36ae9c38,FUNC_3ab68adf,CALLS
FUNC_f19b1b87,FUNC_051a9c2f,CALLS
FUNC_f19b1b87,FUNC_60b1c839,CALLS
FUNC_c02bb792,FUNC_051a9c2f,CALLS
FUNC_c02bb792,FUNC_02a6b28c,CALLS
FUNC_21eda9ee,FUNC_051a9c2f,CALLS
FUNC_21eda9ee,FUNC_60b1c839,CALLS
FUNC_38a2c116,FUNC_051a9c2f,CALLS
FUNC_38a2c116,FUNC_02a6b28c,CALLS
FUNC_f4ce5147,FUNC_fbbb97d6,CALLS
FUNC_f7888520,FUNC_68e183b5,CALLS
FUNC_f7888520,FUNC_ca3fd39a,CALLS
FUNC_fbbb97d6,FUNC_fbbb97d6,CALLS
FUNC_ca3fd39a,FUNC_ca3fd39a,CALLS
FUNC_143ffd8d,FUNC_af8f91f2,CALLS
FUNC_177b4775,FUNC_d1dfa403,CALLS
FUNC_177b4775,FUNC_373036e4,CALLS
FUNC_177b4775,FUNC_644612be,CALLS
FUNC_177b4775,FUNC_b474515b,CALLS
FUNC_64c388eb,FUNC_20abd671,CALLS
FUNC_64c388eb,FUNC_373036e4,CALLS
FUNC_64c388eb,FUNC_644612be,CALLS
FUNC_64c388eb,FUNC_b474515b,CALLS
FUNC_64eb08ee,FUNC_177b4775,CALLS
FUNC_64eb08ee,FUNC_d1dfa403,CALLS
FUNC_64eb08ee,FUNC_373036e4,CALLS
FUNC_020b1593,FUNC_64c388eb,CALLS
FUNC_020b1593,FUNC_20abd671,CALLS
FUNC_020b1593,FUNC_373036e4,CALLS
FUNC_7f7d957a,FUNC_d1dfa403,CALLS
FUNC_7f7d957a,FUNC_f19b1b87,CALLS
FUNC_c8d79f57,FUNC_20abd671,CALLS
FUNC_c8d79f57,FUNC_373036e4,CALLS
FUNC_c8d79f57,FUNC_dc42bfc5,CALLS
FUNC_cf72b93c,FUNC_d1dfa403,CALLS
FUNC_cf72b93c,FUNC_f19b1b87,CALLS
FUNC_035817bd,FUNC_20abd671,CALLS
FUNC_035817bd,FUNC_373036e4,CALLS
FUNC_035817bd,FUNC_21b34180,CALLS
FUNC_0bffb481,FUNC_d1dfa403,CALLS
FUNC_0bffb481,FUNC_f19b1b87,CALLS
FUNC_0bffb481,FUNC_ae56641f,CALLS
FUNC_b9600a9c,FUNC_20abd671,CALLS
FUNC_b9600a9c,FUNC_373036e4,CALLS
FUNC_b9600a9c,FUNC_ae56641f,CALLS
FUNC_amx_vectorize,FUNC_tensor_precision_cast,CALLS
FUNC_tensor_precision_cast,FUNC_orchestrate_thinking_mode,CALLS
FUNC_60b1c839,FUNC_amx_vectorize,CALLS
