Func_ID,Prompt_ID
FUNC_2,PRMPT_0
FUNC_213,PRMPT_1
FUNC_350,PRMPT_2
FUNC_663,PRMPT_3
FUNC_439,PRMPT_4
FUNC_518,PRMPT_5
FUNC_540,PRMPT_6
FUNC_833,PRMPT_7
FUNC_184,PRMPT_8
FUNC_620,PRMPT_9
FUNC_731,PRMPT_10
FUNC_157,PRMPT_11
FUNC_344,PRMPT_12
FUNC_824,PRMPT_13
FUNC_209,PRMPT_14
FUNC_695,PRMPT_15
FUNC_296,PRMPT_16
FUNC_671,PRMPT_17
FUNC_175,PRMPT_18
FUNC_779,PRMPT_19
FUNC_246,PRMPT_20
FUNC_685,PRMPT_21
FUNC_315,PRMPT_22
FUNC_881,PRMPT_23
FUNC_727,PRMPT_24
FUNC_258,PRMPT_25
FUNC_867,PRMPT_26
FUNC_342,PRMPT_27
FUNC_659,PRMPT_28
FUNC_471,PRMPT_29
FUNC_467,PRMPT_30
FUNC_282,PRMPT_31
FUNC_534,PRMPT_32
FUNC_397,PRMPT_33
FUNC_534,PRMPT_34
FUNC_210,PRMPT_35
FUNC_781,PRMPT_36
FUNC_113,PRMPT_37
FUNC_440,PRMPT_38
FUNC_224,PRMPT_39
FUNC_665,PRMPT_40
FUNC_412,PRMPT_41
FUNC_154,PRMPT_42
FUNC_823,PRMPT_43
FUNC_316,PRMPT_44
FUNC_897,PRMPT_45
FUNC_309,PRMPT_46
FUNC_124,PRMPT_47
FUNC_506,PRMPT_48
FUNC_321,PRMPT_49
