Func_ID,Name,Description,Return
FUNC_0,amx_vectorize,Handles sub-10ms hardware vectorization,float32
FUNC_1,tensor_precision_cast,Casts vectors for LLM consumption,int8
FUNC_2,orchestrate_thinking_mode,Injects context into agent thinking mode,None
FUNC_3,util_process_3,Standard data processing task 3,list
FUNC_4,util_process_4,Standard data processing task 4,string
FUNC_5,util_process_5,Standard data processing task 5,list
FUNC_6,util_process_6,Standard data processing task 6,void
FUNC_7,util_process_7,Standard data processing task 7,list
FUNC_8,util_process_8,Standard data processing task 8,list
FUNC_9,util_process_9,Standard data processing task 9,boolean
FUNC_10,util_process_10,Standard data processing task 10,int
FUNC_11,util_process_11,Standard data processing task 11,void
FUNC_12,util_process_12,Standard data processing task 12,list
FUNC_13,util_process_13,Standard data processing task 13,boolean
FUNC_14,util_process_14,Standard data processing task 14,boolean
FUNC_15,util_process_15,Standard data processing task 15,list
FUNC_16,util_process_16,Standard data processing task 16,boolean
FUNC_17,util_process_17,Standard data processing task 17,boolean
FUNC_18,util_process_18,Standard data processing task 18,boolean
FUNC_19,util_process_19,Standard data processing task 19,dict
FUNC_20,util_process_20,Standard data processing task 20,boolean
FUNC_21,util_process_21,Standard data processing task 21,string
FUNC_22,util_process_22,Standard data processing task 22,list
FUNC_23,util_process_23,Standard data processing task 23,string
FUNC_24,util_process_24,Standard data processing task 24,int
FUNC_25,util_process_25,Standard data processing task 25,list
FUNC_26,util_process_26,Standard data processing task 26,dict
FUNC_27,util_process_27,Standard data processing task 27,int
FUNC_28,util_process_28,Standard data processing task 28,boolean
FUNC_29,util_process_29,Standard data processing task 29,boolean
FUNC_30,util_process_30,Standard data processing task 30,void
FUNC_31,util_process_31,Standard data processing task 31,dict
FUNC_32,util_process_32,Standard data processing task 32,boolean
FUNC_33,util_process_33,Standard data processing task 33,int
FUNC_34,util_process_34,Standard data processing task 34,int
FUNC_35,util_process_35,Standard data processing task 35,dict
FUNC_36,util_process_36,Standard data processing task 36,boolean
FUNC_37,util_process_37,Standard data processing task 37,int
FUNC_38,util_process_38,Standard data processing task 38,list
FUNC_39,util_process_39,Standard data processing task 39,list
FUNC_40,util_process_40,Standard data processing task 40,list
FUNC_41,util_process_41,Standard data processing task 41,void
FUNC_42,util_process_42,Standard data processing task 42,list
FUNC_43,util_process_43,Standard data processing task 43,int
FUNC_44,util_process_44,Standard data processing task 44,list
FUNC_45,util_process_45,Standard data processing task 45,void
FUNC_46,util_process_46,Standard data processing task 46,boolean
FUNC_47,util_process_47,Standard data processing task 47,boolean
FUNC_48,util_process_48,Standard data processing task 48,list
FUNC_49,util_process_49,Standard data processing task 49,boolean
FUNC_50,util_process_50,Standard data processing task 50,string
FUNC_51,util_process_51,Standard data processing task 51,boolean
FUNC_52,util_process_52,Standard data processing task 52,list
FUNC_53,util_process_53,Standard data processing task 53,list
FUNC_54,util_process_54,Standard data processing task 54,boolean
FUNC_55,util_process_55,Standard data processing task 55,dict
FUNC_56,util_process_56,Standard data processing task 56,string
FUNC_57,util_process_57,Standard data processing task 57,string
FUNC_58,util_process_58,Standard data processing task 58,void
FUNC_59,util_process_59,Standard data processing task 59,dict
FUNC_60,util_process_60,Standard data processing task 60,boolean
FUNC_61,util_process_61,Standard data processing task 61,boolean
FUNC_62,util_process_62,Standard data processing task 62,boolean
FUNC_63,util_process_63,Standard data processing task 63,boolean
FUNC_64,util_process_64,Standard data processing task 64,void
FUNC_65,util_process_65,Standard data processing task 65,boolean
FUNC_66,util_process_66,Standard data processing task 66,string
FUNC_67,util_process_67,Standard data processing task 67,string
FUNC_68,util_process_68,Standard data processing task 68,list
FUNC_69,util_process_69,Standard data processing task 69,boolean
FUNC_70,util_process_70,Standard data processing task 70,boolean
FUNC_71,util_process_71,Standard data processing task 71,int
FUNC_72,util_process_72,Standard data processing task 72,int
FUNC_73,util_process_73,Standard data processing task 73,void
FUNC_74,util_process_74,Standard data processing task 74,dict
FUNC_75,util_process_75,Standard data processing task 75,void
FUNC_76,util_process_76,Standard data processing task 76,string
FUNC_77,util_process_77,Standard data processing task 77,int
FUNC_78,util_process_78,Standard data processing task 78,dict
FUNC_79,util_process_79,Standard data processing task 79,boolean
FUNC_80,util_process_80,Standard data processing task 80,string
FUNC_81,util_process_81,Standard data processing task 81,string
FUNC_82,util_process_82,Standard data processing task 82,list
FUNC_83,util_process_83,Standard data processing task 83,dict
FUNC_84,util_process_84,Standard data processing task 84,void
FUNC_85,util_process_85,Standard data processing task 85,int
FUNC_86,util_process_86,Standard data processing task 86,dict
FUNC_87,util_process_87,Standard data processing task 87,boolean
FUNC_88,util_process_88,Standard data processing task 88,list
FUNC_89,util_process_89,Standard data processing task 89,list
FUNC_90,util_process_90,Standard data processing task 90,void
FUNC_91,util_process_91,Standard data processing task 91,dict
FUNC_92,util_process_92,Standard data processing task 92,int
FUNC_93,util_process_93,Standard data processing task 93,boolean
FUNC_94,util_process_94,Standard data processing task 94,void
FUNC_95,util_process_95,Standard data processing task 95,string
FUNC_96,util_process_96,Standard data processing task 96,int
FUNC_97,util_process_97,Standard data processing task 97,string
FUNC_98,util_process_98,Standard data processing task 98,list
FUNC_99,util_process_99,Standard data processing task 99,boolean
FUNC_100,util_process_100,Standard data processing task 100,void
FUNC_101,util_process_101,Standard data processing task 101,boolean
FUNC_102,util_process_102,Standard data processing task 102,int
FUNC_103,util_process_103,Standard data processing task 103,list
FUNC_104,util_process_104,Standard data processing task 104,dict
FUNC_105,util_process_105,Standard data processing task 105,void
FUNC_106,util_process_106,Standard data processing task 106,string
FUNC_107,util_process_107,Standard data processing task 107,boolean
FUNC_108,util_process_108,Standard data processing task 108,string
FUNC_109,util_process_109,Standard data processing task 109,int
FUNC_110,util_process_110,Standard data processing task 110,int
FUNC_111,util_process_111,Standard data processing task 111,boolean
FUNC_112,util_process_112,Standard data processing task 112,boolean
FUNC_113,util_process_113,Standard data processing task 113,boolean
FUNC_114,util_process_114,Standard data processing task 114,boolean
FUNC_115,util_process_115,Standard data processing task 115,string
FUNC_116,util_process_116,Standard data processing task 116,void
FUNC_117,util_process_117,Standard data processing task 117,string
FUNC_118,util_process_118,Standard data processing task 118,boolean
FUNC_119,util_process_119,Standard data processing task 119,dict
FUNC_120,util_process_120,Standard data processing task 120,dict
FUNC_121,util_process_121,Standard data processing task 121,boolean
FUNC_122,util_process_122,Standard data processing task 122,dict
FUNC_123,util_process_123,Standard data processing task 123,void
FUNC_124,util_process_124,Standard data processing task 124,dict
FUNC_125,util_process_125,Standard data processing task 125,string
FUNC_126,util_process_126,Standard data processing task 126,string
FUNC_127,util_process_127,Standard data processing task 127,string
FUNC_128,util_process_128,Standard data processing task 128,int
FUNC_129,util_process_129,Standard data processing task 129,dict
FUNC_130,util_process_130,Standard data processing task 130,string
FUNC_131,util_process_131,Standard data processing task 131,dict
FUNC_132,util_process_132,Standard data processing task 132,string
FUNC_133,util_process_133,Standard data processing task 133,string
FUNC_134,util_process_134,Standard data processing task 134,boolean
FUNC_135,util_process_135,Standard data processing task 135,string
FUNC_136,util_process_136,Standard data processing task 136,list
FUNC_137,util_process_137,Standard data processing task 137,void
FUNC_138,util_process_138,Standard data processing task 138,boolean
FUNC_139,util_process_139,Standard data processing task 139,string
FUNC_140,util_process_140,Standard data processing task 140,void
FUNC_141,util_process_141,Standard data processing task 141,void
FUNC_142,util_process_142,Standard data processing task 142,string
FUNC_143,util_process_143,Standard data processing task 143,list
FUNC_144,util_process_144,Standard data processing task 144,int
FUNC_145,util_process_145,Standard data processing task 145,void
FUNC_146,util_process_146,Standard data processing task 146,boolean
FUNC_147,util_process_147,Standard data processing task 147,void
FUNC_148,util_process_148,Standard data processing task 148,string
FUNC_149,util_process_149,Standard data processing task 149,boolean
FUNC_150,util_process_150,Standard data processing task 150,boolean
FUNC_151,util_process_151,Standard data processing task 151,boolean
FUNC_152,util_process_152,Standard data processing task 152,void
FUNC_153,util_process_153,Standard data processing task 153,list
FUNC_154,util_process_154,Standard data processing task 154,list
FUNC_155,util_process_155,Standard data processing task 155,int
FUNC_156,util_process_156,Standard data processing task 156,int
FUNC_157,util_process_157,Standard data processing task 157,boolean
FUNC_158,util_process_158,Standard data processing task 158,int
FUNC_159,util_process_159,Standard data processing task 159,dict
FUNC_160,util_process_160,Standard data processing task 160,int
FUNC_161,util_process_161,Standard data processing task 161,dict
FUNC_162,util_process_162,Standard data processing task 162,list
FUNC_163,util_process_163,Standard data processing task 163,string
FUNC_164,util_process_164,Standard data processing task 164,void
FUNC_165,util_process_165,Standard data processing task 165,boolean
FUNC_166,util_process_166,Standard data processing task 166,string
FUNC_167,util_process_167,Standard data processing task 167,dict
FUNC_168,util_process_168,Standard data processing task 168,list
FUNC_169,util_process_169,Standard data processing task 169,list
FUNC_170,util_process_170,Standard data processing task 170,int
FUNC_171,util_process_171,Standard data processing task 171,string
FUNC_172,util_process_172,Standard data processing task 172,string
FUNC_173,util_process_173,Standard data processing task 173,dict
FUNC_174,util_process_174,Standard data processing task 174,int
FUNC_175,util_process_175,Standard data processing task 175,int
FUNC_176,util_process_176,Standard data processing task 176,void
FUNC_177,util_process_177,Standard data processing task 177,void
FUNC_178,util_process_178,Standard data processing task 178,list
FUNC_179,util_process_179,Standard data processing task 179,string
FUNC_180,util_process_180,Standard data processing task 180,list
FUNC_181,util_process_181,Standard data processing task 181,dict
FUNC_182,util_process_182,Standard data processing task 182,void
FUNC_183,util_process_183,Standard data processing task 183,list
FUNC_184,util_process_184,Standard data processing task 184,void
FUNC_185,util_process_185,Standard data processing task 185,list
FUNC_186,util_process_186,Standard data processing task 186,int
FUNC_187,util_process_187,Standard data processing task 187,string
FUNC_188,util_process_188,Standard data processing task 188,int
FUNC_189,util_process_189,Standard data processing task 189,void
FUNC_190,util_process_190,Standard data processing task 190,boolean
FUNC_191,util_process_191,Standard data processing task 191,string
FUNC_192,util_process_192,Standard data processing task 192,boolean
FUNC_193,util_process_193,Standard data processing task 193,list
FUNC_194,util_process_194,Standard data processing task 194,void
FUNC_195,util_process_195,Standard data processing task 195,int
FUNC_196,util_process_196,Standard data processing task 196,void
FUNC_197,util_process_197,Standard data processing task 197,list
FUNC_198,util_process_198,Standard data processing task 198,string
FUNC_199,util_process_199,Standard data processing task 199,boolean
FUNC_200,util_process_200,Standard data processing task 200,void
FUNC_201,util_process_201,Standard data processing task 201,int
FUNC_202,util_process_202,Standard data processing task 202,int
FUNC_203,util_process_203,Standard data processing task 203,boolean
FUNC_204,util_process_204,Standard data processing task 204,list
FUNC_205,util_process_205,Standard data processing task 205,void
FUNC_206,util_process_206,Standard data processing task 206,void
FUNC_207,util_process_207,Standard data processing task 207,dict
FUNC_208,util_process_208,Standard data processing task 208,string
FUNC_209,util_process_209,Standard data processing task 209,void
FUNC_210,util_process_210,Standard data processing task 210,int
FUNC_211,util_process_211,Standard data processing task 211,string
FUNC_212,util_process_212,Standard data processing task 212,int
FUNC_213,util_process_213,Standard data processing task 213,boolean
FUNC_214,util_process_214,Standard data processing task 214,boolean
FUNC_215,util_process_215,Standard data processing task 215,dict
FUNC_216,util_process_216,Standard data processing task 216,list
FUNC_217,util_process_217,Standard data processing task 217,void
FUNC_218,util_process_218,Standard data processing task 218,boolean
FUNC_219,util_process_219,Standard data processing task 219,list
FUNC_220,util_process_220,Standard data processing task 220,string
FUNC_221,util_process_221,Standard data processing task 221,int
FUNC_222,util_process_222,Standard data processing task 222,int
FUNC_223,util_process_223,Standard data processing task 223,int
FUNC_224,util_process_224,Standard data processing task 224,dict
FUNC_225,util_process_225,Standard data processing task 225,dict
FUNC_226,util_process_226,Standard data processing task 226,void
FUNC_227,util_process_227,Standard data processing task 227,dict
FUNC_228,util_process_228,Standard data processing task 228,list
FUNC_229,util_process_229,Standard data processing task 229,void
FUNC_230,util_process_230,Standard data processing task 230,string
FUNC_231,util_process_231,Standard data processing task 231,void
FUNC_232,util_process_232,Standard data processing task 232,string
FUNC_233,util_process_233,Standard data processing task 233,string
FUNC_234,util_process_234,Standard data processing task 234,int
FUNC_235,util_process_235,Standard data processing task 235,void
FUNC_236,util_process_236,Standard data processing task 236,void
FUNC_237,util_process_237,Standard data processing task 237,dict
FUNC_238,util_process_238,Standard data processing task 238,list
FUNC_239,util_process_239,Standard data processing task 239,dict
FUNC_240,util_process_240,Standard data processing task 240,void
FUNC_241,util_process_241,Standard data processing task 241,list
FUNC_242,util_process_242,Standard data processing task 242,dict
FUNC_243,util_process_243,Standard data processing task 243,int
FUNC_244,util_process_244,Standard data processing task 244,int
FUNC_245,util_process_245,Standard data processing task 245,boolean
FUNC_246,util_process_246,Standard data processing task 246,dict
FUNC_247,util_process_247,Standard data processing task 247,list
FUNC_248,util_process_248,Standard data processing task 248,int
FUNC_249,util_process_249,Standard data processing task 249,string
FUNC_250,util_process_250,Standard data processing task 250,int
FUNC_251,util_process_251,Standard data processing task 251,int
FUNC_252,util_process_252,Standard data processing task 252,boolean
FUNC_253,util_process_253,Standard data processing task 253,void
FUNC_254,util_process_254,Standard data processing task 254,void
FUNC_255,util_process_255,Standard data processing task 255,boolean
FUNC_256,util_process_256,Standard data processing task 256,boolean
FUNC_257,util_process_257,Standard data processing task 257,dict
FUNC_258,util_process_258,Standard data processing task 258,list
FUNC_259,util_process_259,Standard data processing task 259,int
FUNC_260,util_process_260,Standard data processing task 260,string
FUNC_261,util_process_261,Standard data processing task 261,boolean
FUNC_262,util_process_262,Standard data processing task 262,void
FUNC_263,util_process_263,Standard data processing task 263,boolean
FUNC_264,util_process_264,Standard data processing task 264,string
FUNC_265,util_process_265,Standard data processing task 265,list
FUNC_266,util_process_266,Standard data processing task 266,list
FUNC_267,util_process_267,Standard data processing task 267,list
FUNC_268,util_process_268,Standard data processing task 268,boolean
FUNC_269,util_process_269,Standard data processing task 269,void
FUNC_270,util_process_270,Standard data processing task 270,boolean
FUNC_271,util_process_271,Standard data processing task 271,string
FUNC_272,util_process_272,Standard data processing task 272,list
FUNC_273,util_process_273,Standard data processing task 273,void
FUNC_274,util_process_274,Standard data processing task 274,dict
FUNC_275,util_process_275,Standard data processing task 275,dict
FUNC_276,util_process_276,Standard data processing task 276,int
FUNC_277,util_process_277,Standard data processing task 277,dict
FUNC_278,util_process_278,Standard data processing task 278,list
FUNC_279,util_process_279,Standard data processing task 279,boolean
FUNC_280,util_process_280,Standard data processing task 280,string
FUNC_281,util_process_281,Standard data processing task 281,boolean
FUNC_282,util_process_282,Standard data processing task 282,int
FUNC_283,util_process_283,Standard data processing task 283,int
FUNC_284,util_process_284,Standard data processing task 284,int
FUNC_285,util_process_285,Standard data processing task 285,boolean
FUNC_286,util_process_286,Standard data processing task 286,list
FUNC_287,util_process_287,Standard data processing task 287,list
FUNC_288,util_process_288,Standard data processing task 288,void
FUNC_289,util_process_289,Standard data processing task 289,dict
FUNC_290,util_process_290,Standard data processing task 290,boolean
FUNC_291,util_process_291,Standard data processing task 291,int
FUNC_292,util_process_292,Standard data processing task 292,dict
FUNC_293,util_process_293,Standard data processing task 293,list
FUNC_294,util_process_294,Standard data processing task 294,string
FUNC_295,util_process_295,Standard data processing task 295,void
FUNC_296,util_process_296,Standard data processing task 296,void
FUNC_297,util_process_297,Standard data processing task 297,int
FUNC_298,util_process_298,Standard data processing task 298,boolean
FUNC_299,util_process_299,Standard data processing task 299,void
FUNC_300,util_process_300,Standard data processing task 300,boolean
FUNC_301,util_process_301,Standard data processing task 301,dict
FUNC_302,util_process_302,Standard data processing task 302,list
FUNC_303,util_process_303,Standard data processing task 303,dict
FUNC_304,util_process_304,Standard data processing task 304,list
FUNC_305,util_process_305,Standard data processing task 305,list
FUNC_306,util_process_306,Standard data processing task 306,list
FUNC_307,util_process_307,Standard data processing task 307,string
FUNC_308,util_process_308,Standard data processing task 308,dict
FUNC_309,util_process_309,Standard data processing task 309,list
FUNC_310,util_process_310,Standard data processing task 310,list
FUNC_311,util_process_311,Standard data processing task 311,boolean
FUNC_312,util_process_312,Standard data processing task 312,string
FUNC_313,util_process_313,Standard data processing task 313,void
FUNC_314,util_process_314,Standard data processing task 314,list
FUNC_315,util_process_315,Standard data processing task 315,int
FUNC_316,util_process_316,Standard data processing task 316,string
FUNC_317,util_process_317,Standard data processing task 317,list
FUNC_318,util_process_318,Standard data processing task 318,dict
FUNC_319,util_process_319,Standard data processing task 319,string
FUNC_320,util_process_320,Standard data processing task 320,int
FUNC_321,util_process_321,Standard data processing task 321,boolean
FUNC_322,util_process_322,Standard data processing task 322,boolean
FUNC_323,util_process_323,Standard data processing task 323,int
FUNC_324,util_process_324,Standard data processing task 324,int
FUNC_325,util_process_325,Standard data processing task 325,int
FUNC_326,util_process_326,Standard data processing task 326,void
FUNC_327,util_process_327,Standard data processing task 327,boolean
FUNC_328,util_process_328,Standard data processing task 328,list
FUNC_329,util_process_329,Standard data processing task 329,void
FUNC_330,util_process_330,Standard data processing task 330,list
FUNC_331,util_process_331,Standard data processing task 331,dict
FUNC_332,util_process_332,Standard data processing task 332,dict
FUNC_333,util_process_333,Standard data processing task 333,list
FUNC_334,util_process_334,Standard data processing task 334,string
FUNC_335,util_process_335,Standard data processing task 335,void
FUNC_336,util_process_336,Standard data processing task 336,dict
FUNC_337,util_process_337,Standard data processing task 337,list
FUNC_338,util_process_338,Standard data processing task 338,int
FUNC_339,util_process_339,Standard data processing task 339,boolean
FUNC_340,util_process_340,Standard data processing task 340,int
FUNC_341,util_process_341,Standard data processing task 341,string
FUNC_342,util_process_342,Standard data processing task 342,void
FUNC_343,util_process_343,Standard data processing task 343,int
FUNC_344,util_process_344,Standard data processing task 344,list
FUNC_345,util_process_345,Standard data processing task 345,list
FUNC_346,util_process_346,Standard data processing task 346,string
FUNC_347,util_process_347,Standard data processing task 347,boolean
FUNC_348,util_process_348,Standard data processing task 348,list
FUNC_349,util_process_349,Standard data processing task 349,string
FUNC_350,util_process_350,Standard data processing task 350,int
FUNC_351,util_process_351,Standard data processing task 351,boolean
FUNC_352,util_process_352,Standard data processing task 352,boolean
FUNC_353,util_process_353,Standard data processing task 353,string
FUNC_354,util_process_354,Standard data processing task 354,list
FUNC_355,util_process_355,Standard data processing task 355,void
FUNC_356,util_process_356,Standard data processing task 356,int
FUNC_357,util_process_357,Standard data processing task 357,int
FUNC_358,util_process_358,Standard data processing task 358,list
FUNC_359,util_process_359,Standard data processing task 359,list
FUNC_360,util_process_360,Standard data processing task 360,boolean
FUNC_361,util_process_361,Standard data processing task 361,boolean
FUNC_362,util_process_362,Standard data processing task 362,void
FUNC_363,util_process_363,Standard data processing task 363,boolean
FUNC_364,util_process_364,Standard data processing task 364,void
FUNC_365,util_process_365,Standard data processing task 365,boolean
FUNC_366,util_process_366,Standard data processing task 366,list
FUNC_367,util_process_367,Standard data processing task 367,string
FUNC_368,util_process_368,Standard data processing task 368,string
FUNC_369,util_process_369,Standard data processing task 369,void
FUNC_370,util_process_370,Standard data processing task 370,dict
FUNC_371,util_process_371,Standard data processing task 371,boolean
FUNC_372,util_process_372,Standard data processing task 372,string
FUNC_373,util_process_373,Standard data processing task 373,void
FUNC_374,util_process_374,Standard data processing task 374,string
FUNC_375,util_process_375,Standard data processing task 375,int
FUNC_376,util_process_376,Standard data processing task 376,list
FUNC_377,util_process_377,Standard data processing task 377,string
FUNC_378,util_process_378,Standard data processing task 378,dict
FUNC_379,util_process_379,Standard data processing task 379,boolean
FUNC_380,util_process_380,Standard data processing task 380,void
FUNC_381,util_process_381,Standard data processing task 381,string
FUNC_382,util_process_382,Standard data processing task 382,boolean
FUNC_383,util_process_383,Standard data processing task 383,int
FUNC_384,util_process_384,Standard data processing task 384,int
FUNC_385,util_process_385,Standard data processing task 385,dict
FUNC_386,util_process_386,Standard data processing task 386,string
FUNC_387,util_process_387,Standard data processing task 387,dict
FUNC_388,util_process_388,Standard data processing task 388,boolean
FUNC_389,util_process_389,Standard data processing task 389,boolean
FUNC_390,util_process_390,Standard data processing task 390,dict
FUNC_391,util_process_391,Standard data processing task 391,list
FUNC_392,util_process_392,Standard data processing task 392,boolean
FUNC_393,util_process_393,Standard data processing task 393,dict
FUNC_394,util_process_394,Standard data processing task 394,int
FUNC_395,util_process_395,Standard data processing task 395,boolean
FUNC_396,util_process_396,Standard data processing task 396,int
FUNC_397,util_process_397,Standard data processing task 397,dict
FUNC_398,util_process_398,Standard data processing task 398,list
FUNC_399,util_process_399,Standard data processing task 399,string
FUNC_400,util_process_400,Standard data processing task 400,dict
FUNC_401,util_process_401,Standard data processing task 401,boolean
FUNC_402,util_process_402,Standard data processing task 402,boolean
FUNC_403,util_process_403,Standard data processing task 403,list
FUNC_404,util_process_404,Standard data processing task 404,list
FUNC_405,util_process_405,Standard data processing task 405,void
FUNC_406,util_process_406,Standard data processing task 406,void
FUNC_407,util_process_407,Standard data processing task 407,boolean
FUNC_408,util_process_408,Standard data processing task 408,void
FUNC_409,util_process_409,Standard data processing task 409,dict
FUNC_410,util_process_410,Standard data processing task 410,void
FUNC_411,util_process_411,Standard data processing task 411,dict
FUNC_412,util_process_412,Standard data processing task 412,string
FUNC_413,util_process_413,Standard data processing task 413,void
FUNC_414,util_process_414,Standard data processing task 414,boolean
FUNC_415,util_process_415,Standard data processing task 415,string
FUNC_416,util_process_416,Standard data processing task 416,list
FUNC_417,util_process_417,Standard data processing task 417,list
FUNC_418,util_process_418,Standard data processing task 418,void
FUNC_419,util_process_419,Standard data processing task 419,string
FUNC_420,util_process_420,Standard data processing task 420,string
FUNC_421,util_process_421,Standard data processing task 421,string
FUNC_422,util_process_422,Standard data processing task 422,boolean
FUNC_423,util_process_423,Standard data processing task 423,string
FUNC_424,util_process_424,Standard data processing task 424,boolean
FUNC_425,util_process_425,Standard data processing task 425,boolean
FUNC_426,util_process_426,Standard data processing task 426,string
FUNC_427,util_process_427,Standard data processing task 427,string
FUNC_428,util_process_428,Standard data processing task 428,boolean
FUNC_429,util_process_429,Standard data processing task 429,int
FUNC_430,util_process_430,Standard data processing task 430,int
FUNC_431,util_process_431,Standard data processing task 431,boolean
FUNC_432,util_process_432,Standard data processing task 432,string
FUNC_433,util_process_433,Standard data processing task 433,void
FUNC_434,util_process_434,Standard data processing task 434,int
FUNC_435,util_process_435,Standard data processing task 435,void
FUNC_436,util_process_436,Standard data processing task 436,void
FUNC_437,util_process_437,Standard data processing task 437,dict
FUNC_438,util_process_438,Standard data processing task 438,boolean
FUNC_439,util_process_439,Standard data processing task 439,boolean
FUNC_440,util_process_440,Standard data processing task 440,int
FUNC_441,util_process_441,Standard data processing task 441,boolean
FUNC_442,util_process_442,Standard data processing task 442,void
FUNC_443,util_process_443,Standard data processing task 443,int
FUNC_444,util_process_444,Standard data processing task 444,void
FUNC_445,util_process_445,Standard data processing task 445,void
FUNC_446,util_process_446,Standard data processing task 446,list
FUNC_447,util_process_447,Standard data processing task 447,dict
FUNC_448,util_process_448,Standard data processing task 448,int
FUNC_449,util_process_449,Standard data processing task 449,string
FUNC_450,util_process_450,Standard data processing task 450,dict
FUNC_451,util_process_451,Standard data processing task 451,dict
FUNC_452,util_process_452,Standard data processing task 452,void
FUNC_453,util_process_453,Standard data processing task 453,int
FUNC_454,util_process_454,Standard data processing task 454,list
FUNC_455,util_process_455,Standard data processing task 455,list
FUNC_456,util_process_456,Standard data processing task 456,list
FUNC_457,util_process_457,Standard data processing task 457,list
FUNC_458,util_process_458,Standard data processing task 458,boolean
FUNC_459,util_process_459,Standard data processing task 459,list
FUNC_460,util_process_460,Standard data processing task 460,boolean
FUNC_461,util_process_461,Standard data processing task 461,list
FUNC_462,util_process_462,Standard data processing task 462,int
FUNC_463,util_process_463,Standard data processing task 463,int
FUNC_464,util_process_464,Standard data processing task 464,dict
FUNC_465,util_process_465,Standard data processing task 465,dict
FUNC_466,util_process_466,Standard data processing task 466,boolean
FUNC_467,util_process_467,Standard data processing task 467,int
FUNC_468,util_process_468,Standard data processing task 468,boolean
FUNC_469,util_process_469,Standard data processing task 469,void
FUNC_470,util_process_470,Standard data processing task 470,void
FUNC_471,util_process_471,Standard data processing task 471,void
FUNC_472,util_process_472,Standard data processing task 472,list
FUNC_473,util_process_473,Standard data processing task 473,dict
FUNC_474,util_process_474,Standard data processing task 474,list
FUNC_475,util_process_475,Standard data processing task 475,boolean
FUNC_476,util_process_476,Standard data processing task 476,void
FUNC_477,util_process_477,Standard data processing task 477,int
FUNC_478,util_process_478,Standard data processing task 478,void
FUNC_479,util_process_479,Standard data processing task 479,int
FUNC_480,util_process_480,Standard data processing task 480,void
FUNC_481,util_process_481,Standard data processing task 481,string
FUNC_482,util_process_482,Standard data processing task 482,int
FUNC_483,util_process_483,Standard data processing task 483,dict
FUNC_484,util_process_484,Standard data processing task 484,void
FUNC_485,util_process_485,Standard data processing task 485,void
FUNC_486,util_process_486,Standard data processing task 486,dict
FUNC_487,util_process_487,Standard data processing task 487,void
FUNC_488,util_process_488,Standard data processing task 488,int
FUNC_489,util_process_489,Standard data processing task 489,string
FUNC_490,util_process_490,Standard data processing task 490,boolean
FUNC_491,util_process_491,Standard data processing task 491,int
FUNC_492,util_process_492,Standard data processing task 492,boolean
FUNC_493,util_process_493,Standard data processing task 493,dict
FUNC_494,util_process_494,Standard data processing task 494,dict
FUNC_495,util_process_495,Standard data processing task 495,string
FUNC_496,util_process_496,Standard data processing task 496,string
FUNC_497,util_process_497,Standard data processing task 497,list
FUNC_498,util_process_498,Standard data processing task 498,string
FUNC_499,util_process_499,Standard data processing task 499,string
FUNC_500,util_process_500,Standard data processing task 500,boolean
FUNC_501,util_process_501,Standard data processing task 501,dict
FUNC_502,util_process_502,Standard data processing task 502,boolean
FUNC_503,util_process_503,Standard data processing task 503,int
FUNC_504,util_process_504,Standard data processing task 504,void
FUNC_505,util_process_505,Standard data processing task 505,boolean
FUNC_506,util_process_506,Standard data processing task 506,int
FUNC_507,util_process_507,Standard data processing task 507,list
FUNC_508,util_process_508,Standard data processing task 508,boolean
FUNC_509,util_process_509,Standard data processing task 509,int
FUNC_510,util_process_510,Standard data processing task 510,string
FUNC_511,util_process_511,Standard data processing task 511,list
FUNC_512,util_process_512,Standard data processing task 512,dict
FUNC_513,util_process_513,Standard data processing task 513,int
FUNC_514,util_process_514,Standard data processing task 514,int
FUNC_515,util_process_515,Standard data processing task 515,void
FUNC_516,util_process_516,Standard data processing task 516,int
FUNC_517,util_process_517,Standard data processing task 517,dict
FUNC_518,util_process_518,Standard data processing task 518,string
FUNC_519,util_process_519,Standard data processing task 519,list
FUNC_520,util_process_520,Standard data processing task 520,dict
FUNC_521,util_process_521,Standard data processing task 521,boolean
FUNC_522,util_process_522,Standard data processing task 522,int
FUNC_523,util_process_523,Standard data processing task 523,void
FUNC_524,util_process_524,Standard data processing task 524,void
FUNC_525,util_process_525,Standard data processing task 525,boolean
FUNC_526,util_process_526,Standard data processing task 526,string
FUNC_527,util_process_527,Standard data processing task 527,string
FUNC_528,util_process_528,Standard data processing task 528,dict
FUNC_529,util_process_529,Standard data processing task 529,boolean
FUNC_530,util_process_530,Standard data processing task 530,list
FUNC_531,util_process_531,Standard data processing task 531,boolean
FUNC_532,util_process_532,Standard data processing task 532,string
FUNC_533,util_process_533,Standard data processing task 533,void
FUNC_534,util_process_534,Standard data processing task 534,string
FUNC_535,util_process_535,Standard data processing task 535,boolean
FUNC_536,util_process_536,Standard data processing task 536,dict
FUNC_537,util_process_537,Standard data processing task 537,int
FUNC_538,util_process_538,Standard data processing task 538,void
FUNC_539,util_process_539,Standard data processing task 539,int
FUNC_540,util_process_540,Standard data processing task 540,int
FUNC_541,util_process_541,Standard data processing task 541,int
FUNC_542,util_process_542,Standard data processing task 542,string
FUNC_543,util_process_543,Standard data processing task 543,list
FUNC_544,util_process_544,Standard data processing task 544,void
FUNC_545,util_process_545,Standard data processing task 545,string
FUNC_546,util_process_546,Standard data processing task 546,string
FUNC_547,util_process_547,Standard data processing task 547,dict
FUNC_548,util_process_548,Standard data processing task 548,list
FUNC_549,util_process_549,Standard data processing task 549,string
FUNC_550,util_process_550,Standard data processing task 550,int
FUNC_551,util_process_551,Standard data processing task 551,void
FUNC_552,util_process_552,Standard data processing task 552,string
FUNC_553,util_process_553,Standard data processing task 553,void
FUNC_554,util_process_554,Standard data processing task 554,list
FUNC_555,util_process_555,Standard data processing task 555,list
FUNC_556,util_process_556,Standard data processing task 556,boolean
FUNC_557,util_process_557,Standard data processing task 557,list
FUNC_558,util_process_558,Standard data processing task 558,void
FUNC_559,util_process_559,Standard data processing task 559,void
FUNC_560,util_process_560,Standard data processing task 560,void
FUNC_561,util_process_561,Standard data processing task 561,int
FUNC_562,util_process_562,Standard data processing task 562,boolean
FUNC_563,util_process_563,Standard data processing task 563,int
FUNC_564,util_process_564,Standard data processing task 564,boolean
FUNC_565,util_process_565,Standard data processing task 565,list
FUNC_566,util_process_566,Standard data processing task 566,dict
FUNC_567,util_process_567,Standard data processing task 567,string
FUNC_568,util_process_568,Standard data processing task 568,string
FUNC_569,util_process_569,Standard data processing task 569,dict
FUNC_570,util_process_570,Standard data processing task 570,void
FUNC_571,util_process_571,Standard data processing task 571,string
FUNC_572,util_process_572,Standard data processing task 572,boolean
FUNC_573,util_process_573,Standard data processing task 573,dict
FUNC_574,util_process_574,Standard data processing task 574,void
FUNC_575,util_process_575,Standard data processing task 575,string
FUNC_576,util_process_576,Standard data processing task 576,void
FUNC_577,util_process_577,Standard data processing task 577,int
FUNC_578,util_process_578,Standard data processing task 578,void
FUNC_579,util_process_579,Standard data processing task 579,void
FUNC_580,util_process_580,Standard data processing task 580,string
FUNC_581,util_process_581,Standard data processing task 581,string
FUNC_582,util_process_582,Standard data processing task 582,int
FUNC_583,util_process_583,Standard data processing task 583,list
FUNC_584,util_process_584,Standard data processing task 584,boolean
FUNC_585,util_process_585,Standard data processing task 585,list
FUNC_586,util_process_586,Standard data processing task 586,dict
FUNC_587,util_process_587,Standard data processing task 587,int
FUNC_588,util_process_588,Standard data processing task 588,boolean
FUNC_589,util_process_589,Standard data processing task 589,string
FUNC_590,util_process_590,Standard data processing task 590,dict
FUNC_591,util_process_591,Standard data processing task 591,int
FUNC_592,util_process_592,Standard data processing task 592,string
FUNC_593,util_process_593,Standard data processing task 593,void
FUNC_594,util_process_594,Standard data processing task 594,int
FUNC_595,util_process_595,Standard data processing task 595,boolean
FUNC_596,util_process_596,Standard data processing task 596,dict
FUNC_597,util_process_597,Standard data processing task 597,boolean
FUNC_598,util_process_598,Standard data processing task 598,string
FUNC_599,util_process_599,Standard data processing task 599,string
FUNC_600,util_process_600,Standard data processing task 600,boolean
FUNC_601,util_process_601,Standard data processing task 601,int
FUNC_602,util_process_602,Standard data processing task 602,string
FUNC_603,util_process_603,Standard data processing task 603,boolean
FUNC_604,util_process_604,Standard data processing task 604,boolean
FUNC_605,util_process_605,Standard data processing task 605,int
FUNC_606,util_process_606,Standard data processing task 606,list
FUNC_607,util_process_607,Standard data processing task 607,string
FUNC_608,util_process_608,Standard data processing task 608,int
FUNC_609,util_process_609,Standard data processing task 609,int
FUNC_610,util_process_610,Standard data processing task 610,int
FUNC_611,util_process_611,Standard data processing task 611,int
FUNC_612,util_process_612,Standard data processing task 612,boolean
FUNC_613,util_process_613,Standard data processing task 613,void
FUNC_614,util_process_614,Standard data processing task 614,string
FUNC_615,util_process_615,Standard data processing task 615,dict
FUNC_616,util_process_616,Standard data processing task 616,boolean
FUNC_617,util_process_617,Standard data processing task 617,boolean
FUNC_618,util_process_618,Standard data processing task 618,int
FUNC_619,util_process_619,Standard data processing task 619,list
FUNC_620,util_process_620,Standard data processing task 620,void
FUNC_621,util_process_621,Standard data processing task 621,void
FUNC_622,util_process_622,Standard data processing task 622,list
FUNC_623,util_process_623,Standard data processing task 623,int
FUNC_624,util_process_624,Standard data processing task 624,string
FUNC_625,util_process_625,Standard data processing task 625,dict
FUNC_626,util_process_626,Standard data processing task 626,void
FUNC_627,util_process_627,Standard data processing task 627,dict
FUNC_628,util_process_628,Standard data processing task 628,list
FUNC_629,util_process_629,Standard data processing task 629,int
FUNC_630,util_process_630,Standard data processing task 630,int
FUNC_631,util_process_631,Standard data processing task 631,int
FUNC_632,util_process_632,Standard data processing task 632,dict
FUNC_633,util_process_633,Standard data processing task 633,dict
FUNC_634,util_process_634,Standard data processing task 634,string
FUNC_635,util_process_635,Standard data processing task 635,boolean
FUNC_636,util_process_636,Standard data processing task 636,void
FUNC_637,util_process_637,Standard data processing task 637,string
FUNC_638,util_process_638,Standard data processing task 638,dict
FUNC_639,util_process_639,Standard data processing task 639,dict
FUNC_640,util_process_640,Standard data processing task 640,dict
FUNC_641,util_process_641,Standard data processing task 641,void
FUNC_642,util_process_642,Standard data processing task 642,int
FUNC_643,util_process_643,Standard data processing task 643,boolean
FUNC_644,util_process_644,Standard data processing task 644,boolean
FUNC_645,util_process_645,Standard data processing task 645,void
FUNC_646,util_process_646,Standard data processing task 646,int
FUNC_647,util_process_647,Standard data processing task 647,int
FUNC_648,util_process_648,Standard data processing task 648,boolean
FUNC_649,util_process_649,Standard data processing task 649,list
FUNC_650,util_process_650,Standard data processing task 650,dict
FUNC_651,util_process_651,Standard data processing task 651,boolean
FUNC_652,util_process_652,Standard data processing task 652,void
FUNC_653,util_process_653,Standard data processing task 653,string
FUNC_654,util_process_654,Standard data processing task 654,list
FUNC_655,util_process_655,Standard data processing task 655,string
FUNC_656,util_process_656,Standard data processing task 656,void
FUNC_657,util_process_657,Standard data processing task 657,int
FUNC_658,util_process_658,Standard data processing task 658,int
FUNC_659,util_process_659,Standard data processing task 659,string
FUNC_660,util_process_660,Standard data processing task 660,string
FUNC_661,util_process_661,Standard data processing task 661,void
FUNC_662,util_process_662,Standard data processing task 662,dict
FUNC_663,util_process_663,Standard data processing task 663,void
FUNC_664,util_process_664,Standard data processing task 664,boolean
FUNC_665,util_process_665,Standard data processing task 665,void
FUNC_666,util_process_666,Standard data processing task 666,string
FUNC_667,util_process_667,Standard data processing task 667,string
FUNC_668,util_process_668,Standard data processing task 668,boolean
FUNC_669,util_process_669,Standard data processing task 669,boolean
FUNC_670,util_process_670,Standard data processing task 670,int
FUNC_671,util_process_671,Standard data processing task 671,void
FUNC_672,util_process_672,Standard data processing task 672,boolean
FUNC_673,util_process_673,Standard data processing task 673,dict
FUNC_674,util_process_674,Standard data processing task 674,void
FUNC_675,util_process_675,Standard data processing task 675,list
FUNC_676,util_process_676,Standard data processing task 676,void
FUNC_677,util_process_677,Standard data processing task 677,boolean
FUNC_678,util_process_678,Standard data processing task 678,boolean
FUNC_679,util_process_679,Standard data processing task 679,int
FUNC_680,util_process_680,Standard data processing task 680,dict
FUNC_681,util_process_681,Standard data processing task 681,dict
FUNC_682,util_process_682,Standard data processing task 682,void
FUNC_683,util_process_683,Standard data processing task 683,dict
FUNC_684,util_process_684,Standard data processing task 684,boolean
FUNC_685,util_process_685,Standard data processing task 685,dict
FUNC_686,util_process_686,Standard data processing task 686,dict
FUNC_687,util_process_687,Standard data processing task 687,string
FUNC_688,util_process_688,Standard data processing task 688,string
FUNC_689,util_process_689,Standard data processing task 689,list
FUNC_690,util_process_690,Standard data processing task 690,void
FUNC_691,util_process_691,Standard data processing task 691,list
FUNC_692,util_process_692,Standard data processing task 692,dict
FUNC_693,util_process_693,Standard data processing task 693,void
FUNC_694,util_process_694,Standard data processing task 694,dict
FUNC_695,util_process_695,Standard data processing task 695,list
FUNC_696,util_process_696,Standard data processing task 696,string
FUNC_697,util_process_697,Standard data processing task 697,dict
FUNC_698,util_process_698,Standard data processing task 698,list
FUNC_699,util_process_699,Standard data processing task 699,int
FUNC_700,util_process_700,Standard data processing task 700,list
FUNC_701,util_process_701,Standard data processing task 701,string
FUNC_702,util_process_702,Standard data processing task 702,dict
FUNC_703,util_process_703,Standard data processing task 703,dict
FUNC_704,util_process_704,Standard data processing task 704,boolean
FUNC_705,util_process_705,Standard data processing task 705,int
FUNC_706,util_process_706,Standard data processing task 706,boolean
FUNC_707,util_process_707,Standard data processing task 707,int
FUNC_708,util_process_708,Standard data processing task 708,dict
FUNC_709,util_process_709,Standard data processing task 709,list
FUNC_710,util_process_710,Standard data processing task 710,string
FUNC_711,util_process_711,Standard data processing task 711,list
FUNC_712,util_process_712,Standard data processing task 712,list
FUNC_713,util_process_713,Standard data processing task 713,int
FUNC_714,util_process_714,Standard data processing task 714,string
FUNC_715,util_process_715,Standard data processing task 715,int
FUNC_716,util_process_716,Standard data processing task 716,void
FUNC_717,util_process_717,Standard data processing task 717,string
FUNC_718,util_process_718,Standard data processing task 718,void
FUNC_719,util_process_719,Standard data processing task 719,list
FUNC_720,util_process_720,Standard data processing task 720,int
FUNC_721,util_process_721,Standard data processing task 721,void
FUNC_722,util_process_722,Standard data processing task 722,boolean
FUNC_723,util_process_723,Standard data processing task 723,boolean
FUNC_724,util_process_724,Standard data processing task 724,boolean
FUNC_725,util_process_725,Standard data processing task 725,dict
FUNC_726,util_process_726,Standard data processing task 726,int
FUNC_727,util_process_727,Standard data processing task 727,list
FUNC_728,util_process_728,Standard data processing task 728,list
FUNC_729,util_process_729,Standard data processing task 729,list
FUNC_730,util_process_730,Standard data processing task 730,string
FUNC_731,util_process_731,Standard data processing task 731,void
FUNC_732,util_process_732,Standard data processing task 732,dict
FUNC_733,util_process_733,Standard data processing task 733,dict
FUNC_734,util_process_734,Standard data processing task 734,void
FUNC_735,util_process_735,Standard data processing task 735,dict
FUNC_736,util_process_736,Standard data processing task 736,int
FUNC_737,util_process_737,Standard data processing task 737,int
FUNC_738,util_process_738,Standard data processing task 738,void
FUNC_739,util_process_739,Standard data processing task 739,boolean
FUNC_740,util_process_740,Standard data processing task 740,dict
FUNC_741,util_process_741,Standard data processing task 741,boolean
FUNC_742,util_process_742,Standard data processing task 742,dict
FUNC_743,util_process_743,Standard data processing task 743,int
FUNC_744,util_process_744,Standard data processing task 744,string
FUNC_745,util_process_745,Standard data processing task 745,list
FUNC_746,util_process_746,Standard data processing task 746,dict
FUNC_747,util_process_747,Standard data processing task 747,dict
FUNC_748,util_process_748,Standard data processing task 748,list
FUNC_749,util_process_749,Standard data processing task 749,void
FUNC_750,util_process_750,Standard data processing task 750,boolean
FUNC_751,util_process_751,Standard data processing task 751,int
FUNC_752,util_process_752,Standard data processing task 752,void
FUNC_753,util_process_753,Standard data processing task 753,list
FUNC_754,util_process_754,Standard data processing task 754,list
FUNC_755,util_process_755,Standard data processing task 755,list
FUNC_756,util_process_756,Standard data processing task 756,boolean
FUNC_757,util_process_757,Standard data processing task 757,void
FUNC_758,util_process_758,Standard data processing task 758,list
FUNC_759,util_process_759,Standard data processing task 759,boolean
FUNC_760,util_process_760,Standard data processing task 760,void
FUNC_761,util_process_761,Standard data processing task 761,int
FUNC_762,util_process_762,Standard data processing task 762,dict
FUNC_763,util_process_763,Standard data processing task 763,int
FUNC_764,util_process_764,Standard data processing task 764,boolean
FUNC_765,util_process_765,Standard data processing task 765,list
FUNC_766,util_process_766,Standard data processing task 766,boolean
FUNC_767,util_process_767,Standard data processing task 767,boolean
FUNC_768,util_process_768,Standard data processing task 768,string
FUNC_769,util_process_769,Standard data processing task 769,boolean
FUNC_770,util_process_770,Standard data processing task 770,string
FUNC_771,util_process_771,Standard data processing task 771,list
FUNC_772,util_process_772,Standard data processing task 772,boolean
FUNC_773,util_process_773,Standard data processing task 773,void
FUNC_774,util_process_774,Standard data processing task 774,list
FUNC_775,util_process_775,Standard data processing task 775,string
FUNC_776,util_process_776,Standard data processing task 776,void
FUNC_777,util_process_777,Standard data processing task 777,boolean
FUNC_778,util_process_778,Standard data processing task 778,dict
FUNC_779,util_process_779,Standard data processing task 779,int
FUNC_780,util_process_780,Standard data processing task 780,string
FUNC_781,util_process_781,Standard data processing task 781,list
FUNC_782,util_process_782,Standard data processing task 782,int
FUNC_783,util_process_783,Standard data processing task 783,boolean
FUNC_784,util_process_784,Standard data processing task 784,void
FUNC_785,util_process_785,Standard data processing task 785,dict
FUNC_786,util_process_786,Standard data processing task 786,string
FUNC_787,util_process_787,Standard data processing task 787,list
FUNC_788,util_process_788,Standard data processing task 788,void
FUNC_789,util_process_789,Standard data processing task 789,boolean
FUNC_790,util_process_790,Standard data processing task 790,int
FUNC_791,util_process_791,Standard data processing task 791,list
FUNC_792,util_process_792,Standard data processing task 792,boolean
FUNC_793,util_process_793,Standard data processing task 793,list
FUNC_794,util_process_794,Standard data processing task 794,void
FUNC_795,util_process_795,Standard data processing task 795,int
FUNC_796,util_process_796,Standard data processing task 796,dict
FUNC_797,util_process_797,Standard data processing task 797,int
FUNC_798,util_process_798,Standard data processing task 798,list
FUNC_799,util_process_799,Standard data processing task 799,boolean
FUNC_800,util_process_800,Standard data processing task 800,list
FUNC_801,util_process_801,Standard data processing task 801,list
FUNC_802,util_process_802,Standard data processing task 802,int
FUNC_803,util_process_803,Standard data processing task 803,boolean
FUNC_804,util_process_804,Standard data processing task 804,void
FUNC_805,util_process_805,Standard data processing task 805,void
FUNC_806,util_process_806,Standard data processing task 806,string
FUNC_807,util_process_807,Standard data processing task 807,string
FUNC_808,util_process_808,Standard data processing task 808,int
FUNC_809,util_process_809,Standard data processing task 809,string
FUNC_810,util_process_810,Standard data processing task 810,dict
FUNC_811,util_process_811,Standard data processing task 811,boolean
FUNC_812,util_process_812,Standard data processing task 812,string
FUNC_813,util_process_813,Standard data processing task 813,dict
FUNC_814,util_process_814,Standard data processing task 814,list
FUNC_815,util_process_815,Standard data processing task 815,string
FUNC_816,util_process_816,Standard data processing task 816,int
FUNC_817,util_process_817,Standard data processing task 817,dict
FUNC_818,util_process_818,Standard data processing task 818,dict
FUNC_819,util_process_819,Standard data processing task 819,boolean
FUNC_820,util_process_820,Standard data processing task 820,void
FUNC_821,util_process_821,Standard data processing task 821,string
FUNC_822,util_process_822,Standard data processing task 822,list
FUNC_823,util_process_823,Standard data processing task 823,int
FUNC_824,util_process_824,Standard data processing task 824,dict
FUNC_825,util_process_825,Standard data processing task 825,int
FUNC_826,util_process_826,Standard data processing task 826,void
FUNC_827,util_process_827,Standard data processing task 827,void
FUNC_828,util_process_828,Standard data processing task 828,void
FUNC_829,util_process_829,Standard data processing task 829,dict
FUNC_830,util_process_830,Standard data processing task 830,dict
FUNC_831,util_process_831,Standard data processing task 831,list
FUNC_832,util_process_832,Standard data processing task 832,dict
FUNC_833,util_process_833,Standard data processing task 833,string
FUNC_834,util_process_834,Standard data processing task 834,string
FUNC_835,util_process_835,Standard data processing task 835,string
FUNC_836,util_process_836,Standard data processing task 836,dict
FUNC_837,util_process_837,Standard data processing task 837,list
FUNC_838,util_process_838,Standard data processing task 838,list
FUNC_839,util_process_839,Standard data processing task 839,dict
FUNC_840,util_process_840,Standard data processing task 840,dict
FUNC_841,util_process_841,Standard data processing task 841,int
FUNC_842,util_process_842,Standard data processing task 842,int
FUNC_843,util_process_843,Standard data processing task 843,int
FUNC_844,util_process_844,Standard data processing task 844,int
FUNC_845,util_process_845,Standard data processing task 845,void
FUNC_846,util_process_846,Standard data processing task 846,void
FUNC_847,util_process_847,Standard data processing task 847,string
FUNC_848,util_process_848,Standard data processing task 848,int
FUNC_849,util_process_849,Standard data processing task 849,int
FUNC_850,util_process_850,Standard data processing task 850,int
FUNC_851,util_process_851,Standard data processing task 851,dict
FUNC_852,util_process_852,Standard data processing task 852,list
FUNC_853,util_process_853,Standard data processing task 853,dict
FUNC_854,util_process_854,Standard data processing task 854,dict
FUNC_855,util_process_855,Standard data processing task 855,list
FUNC_856,util_process_856,Standard data processing task 856,boolean
FUNC_857,util_process_857,Standard data processing task 857,string
FUNC_858,util_process_858,Standard data processing task 858,list
FUNC_859,util_process_859,Standard data processing task 859,boolean
FUNC_860,util_process_860,Standard data processing task 860,void
FUNC_861,util_process_861,Standard data processing task 861,int
FUNC_862,util_process_862,Standard data processing task 862,void
FUNC_863,util_process_863,Standard data processing task 863,list
FUNC_864,util_process_864,Standard data processing task 864,boolean
FUNC_865,util_process_865,Standard data processing task 865,list
FUNC_866,util_process_866,Standard data processing task 866,list
FUNC_867,util_process_867,Standard data processing task 867,void
FUNC_868,util_process_868,Standard data processing task 868,int
FUNC_869,util_process_869,Standard data processing task 869,int
FUNC_870,util_process_870,Standard data processing task 870,void
FUNC_871,util_process_871,Standard data processing task 871,boolean
FUNC_872,util_process_872,Standard data processing task 872,dict
FUNC_873,util_process_873,Standard data processing task 873,dict
FUNC_874,util_process_874,Standard data processing task 874,boolean
FUNC_875,util_process_875,Standard data processing task 875,int
FUNC_876,util_process_876,Standard data processing task 876,string
FUNC_877,util_process_877,Standard data processing task 877,list
FUNC_878,util_process_878,Standard data processing task 878,boolean
FUNC_879,util_process_879,Standard data processing task 879,void
FUNC_880,util_process_880,Standard data processing task 880,void
FUNC_881,util_process_881,Standard data processing task 881,dict
FUNC_882,util_process_882,Standard data processing task 882,dict
FUNC_883,util_process_883,Standard data processing task 883,list
FUNC_884,util_process_884,Standard data processing task 884,list
FUNC_885,util_process_885,Standard data processing task 885,dict
FUNC_886,util_process_886,Standard data processing task 886,int
FUNC_887,util_process_887,Standard data processing task 887,boolean
FUNC_888,util_process_888,Standard data processing task 888,void
FUNC_889,util_process_889,Standard data processing task 889,string
FUNC_890,util_process_890,Standard data processing task 890,string
FUNC_891,util_process_891,Standard data processing task 891,boolean
FUNC_892,util_process_892,Standard data processing task 892,list
FUNC_893,util_process_893,Standard data processing task 893,int
FUNC_894,util_process_894,Standard data processing task 894,string
FUNC_895,util_process_895,Standard data processing task 895,void
FUNC_896,util_process_896,Standard data processing task 896,list
FUNC_897,util_process_897,Standard data processing task 897,dict
FUNC_898,util_process_898,Standard data processing task 898,dict
FUNC_899,util_process_899,Standard data processing task 899,string
FUNC_900,util_process_900,Standard data processing task 900,int
FUNC_901,util_process_901,Standard data processing task 901,string
FUNC_902,util_process_902,Standard data processing task 902,string
FUNC_903,util_process_903,Standard data processing task 903,boolean
FUNC_904,util_process_904,Standard data processing task 904,int
FUNC_905,util_process_905,Standard data processing task 905,void
FUNC_906,util_process_906,Standard data processing task 906,dict
FUNC_907,util_process_907,Standard data processing task 907,list
FUNC_908,util_process_908,Standard data processing task 908,boolean
FUNC_909,util_process_909,Standard data processing task 909,void
FUNC_910,util_process_910,Standard data processing task 910,list
FUNC_911,util_process_911,Standard data processing task 911,void
FUNC_912,util_process_912,Standard data processing task 912,void
FUNC_913,util_process_913,Standard data processing task 913,list
FUNC_914,util_process_914,Standard data processing task 914,dict
FUNC_915,util_process_915,Standard data processing task 915,string
FUNC_916,util_process_916,Standard data processing task 916,string
FUNC_917,util_process_917,Standard data processing task 917,list
FUNC_918,util_process_918,Standard data processing task 918,int
FUNC_919,util_process_919,Standard data processing task 919,int
FUNC_920,util_process_920,Standard data processing task 920,int
FUNC_921,util_process_921,Standard data processing task 921,string
FUNC_922,util_process_922,Standard data processing task 922,boolean
FUNC_923,util_process_923,Standard data processing task 923,string
FUNC_924,util_process_924,Standard data processing task 924,list
FUNC_925,util_process_925,Standard data processing task 925,string
FUNC_926,util_process_926,Standard data processing task 926,string
FUNC_927,util_process_927,Standard data processing task 927,int
FUNC_928,util_process_928,Standard data processing task 928,dict
FUNC_929,util_process_929,Standard data processing task 929,void
FUNC_930,util_process_930,Standard data processing task 930,boolean
FUNC_931,util_process_931,Standard data processing task 931,list
FUNC_932,util_process_932,Standard data processing task 932,list
FUNC_933,util_process_933,Standard data processing task 933,list
FUNC_934,util_process_934,Standard data processing task 934,void
FUNC_935,util_process_935,Standard data processing task 935,int
FUNC_936,util_process_936,Standard data processing task 936,list
FUNC_937,util_process_937,Standard data processing task 937,void
FUNC_938,util_process_938,Standard data processing task 938,dict
FUNC_939,util_process_939,Standard data processing task 939,boolean
FUNC_940,util_process_940,Standard data processing task 940,void
FUNC_941,util_process_941,Standard data processing task 941,int
FUNC_942,util_process_942,Standard data processing task 942,string
FUNC_943,util_process_943,Standard data processing task 943,void
FUNC_944,util_process_944,Standard data processing task 944,dict
FUNC_945,util_process_945,Standard data processing task 945,list
FUNC_946,util_process_946,Standard data processing task 946,void
FUNC_947,util_process_947,Standard data processing task 947,boolean
FUNC_948,util_process_948,Standard data processing task 948,string
FUNC_949,util_process_949,Standard data processing task 949,list
FUNC_950,util_process_950,Standard data processing task 950,string
FUNC_951,util_process_951,Standard data processing task 951,void
FUNC_952,util_process_952,Standard data processing task 952,int
FUNC_953,util_process_953,Standard data processing task 953,list
FUNC_954,util_process_954,Standard data processing task 954,int
FUNC_955,util_process_955,Standard data processing task 955,list
FUNC_956,util_process_956,Standard data processing task 956,list
FUNC_957,util_process_957,Standard data processing task 957,dict
FUNC_958,util_process_958,Standard data processing task 958,dict
FUNC_959,util_process_959,Standard data processing task 959,dict
FUNC_960,util_process_960,Standard data processing task 960,boolean
FUNC_961,util_process_961,Standard data processing task 961,boolean
FUNC_962,util_process_962,Standard data processing task 962,boolean
FUNC_963,util_process_963,Standard data processing task 963,list
FUNC_964,util_process_964,Standard data processing task 964,list
FUNC_965,util_process_965,Standard data processing task 965,string
FUNC_966,util_process_966,Standard data processing task 966,string
FUNC_967,util_process_967,Standard data processing task 967,int
FUNC_968,util_process_968,Standard data processing task 968,dict
FUNC_969,util_process_969,Standard data processing task 969,dict
FUNC_970,util_process_970,Standard data processing task 970,boolean
FUNC_971,util_process_971,Standard data processing task 971,list
FUNC_972,util_process_972,Standard data processing task 972,boolean
FUNC_973,util_process_973,Standard data processing task 973,boolean
FUNC_974,util_process_974,Standard data processing task 974,void
FUNC_975,util_process_975,Standard data processing task 975,string
FUNC_976,util_process_976,Standard data processing task 976,list
FUNC_977,util_process_977,Standard data processing task 977,int
FUNC_978,util_process_978,Standard data processing task 978,void
FUNC_979,util_process_979,Standard data processing task 979,list
FUNC_980,util_process_980,Standard data processing task 980,void
FUNC_981,util_process_981,Standard data processing task 981,list
FUNC_982,util_process_982,Standard data processing task 982,void
FUNC_983,util_process_983,Standard data processing task 983,boolean
FUNC_984,util_process_984,Standard data processing task 984,void
FUNC_985,util_process_985,Standard data processing task 985,void
FUNC_986,util_process_986,Standard data processing task 986,string
FUNC_987,util_process_987,Standard data processing task 987,string
FUNC_988,util_process_988,Standard data processing task 988,int
FUNC_989,util_process_989,Standard data processing task 989,string
FUNC_990,util_process_990,Standard data processing task 990,string
FUNC_991,util_process_991,Standard data processing task 991,int
FUNC_992,util_process_992,Standard data processing task 992,boolean
FUNC_993,util_process_993,Standard data processing task 993,int
FUNC_994,util_process_994,Standard data processing task 994,int
FUNC_995,util_process_995,Standard data processing task 995,boolean
FUNC_996,util_process_996,Standard data processing task 996,string
FUNC_997,util_process_997,Standard data processing task 997,boolean
FUNC_998,util_process_998,Standard data processing task 998,int
FUNC_999,util_process_999,Standard data processing task 999,int
